-la|-la||||||
a|a2|avoir|HABERE||VERB|auxTens|Fin,Ind,Pres,3,Sing,MWEs
abatent|abatent1|abatre|ABATTUERE||VERB||Fin,Sub,Pres,Act,Trans,3,Plur
abitee|abitee|abiter|HABITARE||VERB|compPass|Ind,Part,Past,Sing,Fem,MWEs
abondance|abondance|abondance|ABUNDANTIA||NOUN||Fem,Sing
aconpaignier|aconpaignier|acompagnier|COMPANIO||VERB||Ind,Inf,Pres,Act,Trans
acousta|acousta|acoster|COSTA||VERB||Fin,Ind,Past,Rfl,3,Sing
acoustés|acoustés|acoster|COSTA||VERB|compTens|Ind,Part,Past,Plur,Masc,MWEs
adonc|adonc|adonc|DUNC||ADV||
adonques|adonques|adonc|DUNC||ADV||
adornés|adornés|aorner1|ADORDINARE||VERB|compPass|Ind,Part,Past,Sing,Masc,MWEs
afer|afer|afaire|FACERE||NOUN||Masc,Sing,Nom
agamenon|agamenon1|Agamemnon|||PROPN||Masc,Sing,Acc
ahornement|ahornement1|aornement|ADORNARE||NOUN||Masc,Plur,Acc
ahornés|ahornés2|aorner2|ADORNARE||VERB|Adj|Ind,Part,Past,Plur,Masc
ahornés|ahornés3|aorner2|ADORNARE||VERB|compPass|Ind,Part,Past,Plur,Masc,MWEs
ai|ai1|avoir|HABERE||VERB|auxTens|Fin,Ind,Pres,1,Sing,MWEs
aime|aime|amer1|AMARE||VERB||Fin,Ind,Pres,Act,Trans,1,Sing
ains|ains|ainz|ANTE||ADV||
air|air1|air1|AER||NOUN||Masc,Sing,Nom
aisieement|aisieement|aisement|ADJACENS||ADV||Man
ala|ala|aler (GDC)|AMBULARE||VERB||Fin,Ind,Past,Intr,3,Sing
ala|ala1|aler (GDC)|AMBULARE||VERB||Fin,Ind,Past,Rfl,3,Sing
alant|alant|aler (GDC)|AMBULARE||VERB||Ind,Ger,Pres,Intr
alast|alast|aler (GDC)|AMBULARE||VERB||Fin,Sub,Imp,Intr,3,Sing
alegresse|alegresse|halegrece|ALACER||NOUN||Fem,Sing
aleigre|aleigre2|haliegre|ALACER||ADJ||Masc,Plur,Nom
aleigre|aleigre4|haliegre|ALACER||ADJ||Fem,Sing
aler|aler|aler (GDC)|AMBULARE||VERB||Ind,Inf,Pres,Intr
alerent|alerent|aler (GDC)|AMBULARE||VERB||Fin,Ind,Past,Intr,3,Plur
alerent|alerent1|aler (GDC)|AMBULARE||VERB||Fin,Ind,Past,Rfl,3,Plur
aloient|aloient|aler (GDC)|AMBULARE||VERB||Fin,Ind,Imp,Intr,3,Plur
aloit|aloit|aler (GDC)|AMBULARE||VERB||Fin,Ind,Imp,Intr,3,Sing
alumoient|alumoient|alumer|*ALLUMINARE||VERB||Fin,Ind,Imp,Intr,3,Plur
alés|alés6|aler (GDC)|AMBULARE||VERB|compTens|Ind,Part,Past,Sing,Masc,MWEs
amenee|amenee|amener|MINARE||VERB|compTens|Ind,Part,Past,Sing,Fem,MWEs
amenés|amenés|amener|MINARE||VERB|compTens|Ind,Part,Past,Plur,Masc,MWEs
amerai|amerai|amer1|AMARE||VERB||Fin,Ind,Fut,Act,Trans,1,Sing
ami|ami|ami|AMICUS||NOUN||Masc,Sing,Nom
amis|amis2|ami|AMICUS||NOUN||Masc,Plur,Nom
amis|amis3|ami|AMICUS||NOUN||Masc,Plur,Acc
amoit|amoit|amer1|AMARE||VERB||Fin,Ind,Imp,Act,Trans,3,Sing
amont|amont|amont|MONS||ADV||Loc
amor|amor2|amor|AMOR||NOUN||Masc,Sing,Acc
amors|amors|amor|AMOR||NOUN||Masc,Sing,Nom
ancres|ancres|ancre|ANCORA||NOUN||Fem,Plur
ans|ans1|an|ANNUS||NOUN||Masc,Plur,Acc
ansien|ansien|anciien|ANTE||ADJ||Masc,Sing,Nom
ante|ante|ante|AMITA||NOUN||Fem,Sing
aparoillasent|aparoillasent|apareillier1|*APPARICULARE||VERB||Fin,Sub,Imp,Act,Trans,3,Plur
aparoillier|aparoillier1|apareillier1|*APPARICULARE||VERB||Fin,Ind,Past,Act,Trans,3,Plur
aparoillés|aparoillés1|apareillier1|*APPARICULARE||VERB||Ind,Part,Past,Plur,Masc
aparoillés|aparoillés7|apareillier1|*APPARICULARE||VERB|Adj|Ind,Part,Past,Plur,Masc
apellee|apellee|apeler|APPELLARE||VERB|compPass|Ind,Part,Past,Sing,Fem,MWEs
apellés|apellés|apeler|APELLARE||VERB|compPass|Ind,Part,Past,Sing,Masc,MWEs
apollo|apollo|Apollon|||PROPN||Masc,Sing,Acc
apollus|apollus1|Pollux|||PROPN||Masc,Sing,Acc
aproche|aproche|aprochier|APPROPIARE||VERB||Fin,Ind,Pres,Rfl,3,Sing
aprochier|aprochier|aprochier|APPROPIARE||VERB||Ind,Inf,Pres,Rfl
aprés|aprés|après|AD PRESSUM||ADP||
aprés|aprés1|après|AD PRESSUM||ADV||Tim
ardis|ardis1|hardi|*HARDJAN||ADJ||Masc,Plur,Nom
ardoient|ardoient|ardre|ARDERE||VERB||Fin,Ind,Imp,Intr,3,Plur
ardoir|ardoir|ardre|ARDERE||VERB||Ind,Inf,Pres,Act,Trans
argent|argent|argent|ARGENTUM||NOUN||Masc,Sing,Acc
ariva|ariva|ariver|*ARRIPARE||VERB||Fin,Ind,Past,Intr,3,Sing
arivee|arivee|ariver|*ARRIPARE||VERB||Ind,Part,Past,Sing,Fem
ariverent|ariverent|ariver|*ARRIPARE||VERB||Fin,Ind,Past,Intr,3,Plur
arivés|arivés2|ariver|*ARRIPARE||VERB|compTens|Ind,Part,Past,Sing,Masc,MWEs
arivés|arivés3|ariver|*ARRIPARE||VERB|compTens|Ind,Part,Past,Plur,Masc,MWEs
arivéz|arivéz|ariver|*ARRIPARE||VERB|compTens|Ind,Part,Past,Sing,Masc,MWEs
armassent|armassent|armer|ARMARE||VERB||Fin,Sub,Imp,Rfl,3,Plur
armerent|armerent|armer|ARMARE||VERB||Fin,Ind,Past,Rfl,3,Plur
armes|armes|arme|ARMA||NOUN||Fem,Plur
armés|armés|armer|ARMARE||VERB|Adj|Ind,Part,Past,Plur,Masc
armés|armés2|armer|ARMARE||VERB|compPass|Ind,Part,Past,Plur,Masc,MWEs
as|as|a3|AD||ADP||PrepArt
asailli|asailli|assalir|*ASSALIRE||VERB||Ind,Inf,Pres,Act,Trans
asaillir|asaillir|assalir|*ASSALIRE||VERB||Ind,Inf,Pres,Act,Trans
asaillis|asaillis|assalir|*ASSALIRE||VERB|compPass|Ind,Part,Past,Sing,Masc,MWEs
asaillis|asaillis1|assalir|*ASSALIRE||VERB|compPass|Ind,Part,Past,Plur,Masc,MWEs
asaudrons|asaudrons|assalir|*ASSALIRE||VERB||Fin,Ind,Fut,Act,Trans,1,Plur
asemblees|asemblees|assembler|ASSIMULARE||VERB|compPass|Ind,Part,Past,Plur,Masc,MWEs
asés|asés|assez|AD SATIS||ADV||
asés_de|asés_de||||||
atalenta|atalenta|atalenter|TALENTUM||VERB||Fin,Ind,Past,Intr,3,Sing
atendon|atendon|Atenedon|||PROPN||Masc,Sing,Acc
atenedon|atenedon|Atenedon|||PROPN||Masc,Sing,Nom
atenedon|atenedon1|Atenedon|||PROPN||Masc,Sing,Acc
atornés|atornés1|atorner|TORNARE||VERB|compPass|Ind,Part,Past,Plur,Masc,MWEs
atornés|atornés2|atorner|TORNARE||VERB|compTens|Ind,Part,Past,Plur,Masc,MWEs
au|au|a3|AD||ADP||PrepArt
ausi|ausi|aussi|SIC||ADV||
ausi_com|ausi_com|aussi|SIC||ADV|Adv|MWEs
aussi|aussi|aussi|SIC||ADV||
aut|aut2|haut|ALTUS||ADJ||Masc,Plur,Nom
aute|aute|haut|ALTUS||ADJ||Fem,Sing
autes|autes|haut|ALTUS||ADJ||Fem,Plur
autre|autre1|autre|ALTER||DET||Ind,Masc,Sing,Acc
autre|autre4|autre|ALTER||DET||Ind,Fem,Sing
autre|autre7|autre|ALTER||PRON||Ind,Masc,Sing,Acc
autre|autre8|autre|ALTER||PRON||Ind,Fem,Sing
autre_fois|autre_fois|fois|VICES||NOUN|Adv|Fem,Sing
autrees|autrees|autre|ALTER||DET||Ind,Fem,Plur
autres|autres|autre|ALTER||DET||Ind,Masc,Plur,Nom
autres|autres1|autre|ALTER||DET||Ind,Masc,Plur,Acc
autres|autres2|autre|ALTER||DET||Ind,Fem,Plur
autres|autres3|autre|ALTER||DET||Ind,Masc,Sing,Acc
autres|autres4|autre|ALTER||PRON||Ind,Masc,Plur,Nom
avant|avant|avant|ABANTE||ADV||
avant|avant1|avant|ABANTE||ADP||
avant_q’|avant_q’|avant|ABANTE||ADV|SConj |MWEs
avec|avec|avuec|AB HOC||ADP||
avenir|avenir|avenir|ADVENIRE||VERB||Ind,Inf,Pres,Intr
aventure|aventure|aventure|*ADVENTURA||NOUN||Fem,Sing
avenus|avenus|avenir|ADVENIRE||VERB|compTens|Ind,Part,Past,Sing,Masc,MWEs
avint|avint|avenir|ADVENIRE||VERB||Fin,Ind,Past,Intr,3,Sing
avoient|avoient|avoir|HABERE||VERB||Fin,Ind,Imp,Act,Trans,3,Plur
avoient|avoient1|avoir|HABERE||VERB|auxTens|Fin,Ind,Imp,3,Plur,MWEs
avoir|avoir|avoir|HABERE||VERB||Ind,Inf,Pres,Act,Trans
avoir|avoir1|avoir|HABERE||VERB|Noun|Ind,Inf,Pres
avoit|avoit|avoir|HABERE||VERB||Fin,Ind,Imp,Act,Trans,3,Sing
avoit|avoit1|avoir|HABERE||VERB||Fin,Ind,Imp,Intr,3,Sing
avoit|avoit2|avoir|HABERE||VERB|auxTens|Fin,Ind,Imp,3,Sing,MWEs
avra|avra|avoir|HABERE||VERB||Fin,Ind,Fut,Act,Trans,3,Sing
avra|avra2|avoir|HABERE||VERB||Fin,Ind,Fut,Intr,3,Sing
avront|avront|avoir|HABERE||VERB||Fin,Ind,Fut,Act,Trans,3,Plur
avrés|avrés1|avoir|HABERE||VERB||Fin,Ind,Fut,Act,Trans,2,Plur
avés|avés|avoir|HABERE||VERB|auxTens|Fin,Ind,Pres,2,Plur,MWEs
avés|avés1|avoir|HABERE||VERB||Fin,Ind,Pres,Act,Trans,2,Plur
aïent|aïent1|avoir|HABERE||VERB|compTens|Fin,Sub,Pres,3,Plur,MWEs
bairons|bairons3|baron|*BARO||NOUN||Masc,Plur,Acc
baisa|baisa1|baissier|*BASSIARE||VERB||Fin,Ind,Past,Intr,3,Sing
baronie|baronie|baronie|*BARO||NOUN||Fem,Sing
barons|barons1|baron|*BARO||NOUN||Masc,Sing,Acc
barons|barons2|baron|*BARO||NOUN||Masc,Plur,Nom
barons|barons3|baron|*BARO||NOUN||Masc,Plur,Acc
bel|bel|bel|BELLUS||ADJ||Masc,Sing,Nom
belle|belle|bel|BELLUS||ADJ||Fem,Sing
belle|belle1|bel|BELLUS||ADJ||Fem,Plur
belles|belles|bel|BELLUS||ADJ||Fem,Plur
besoignoit|besoignoit|besoignier|*SUNNI||VERB||Fin,Ind,Imp,Intr,3,Sing
biau|biau|bel|BELLUS||ADJ||Masc,Sing,Nom
biaus|biaus|bel|BELLUS||ADJ||Masc,Sing,Nom
biaus|biaus4|bel|BELLUS||ADJ||Masc,Plur,Nom
biauté|biauté|biauté|BELLUS||NOUN||Fem,Sing
biautés|biautés|biauté|BELLUS||NOUN||Fem,Plur
biaux|biaux|bel|BELLUS||ADJ||Masc,Sing,Nom
biaux|biaux4|bel|BELLUS||ADJ||Masc,Plur,Nom
biauz|biauz4|bel|BELLUS||ADJ||Masc,Plur,Nom
bien|bien1|bien2|BENE||NOUN||Masc,Sing,Acc
bien|bien4|bien2|BENE||ADV||Man
blait|blait|braire|*BRAG-||VERB||Fin,Ind,Pres,Intr,3,Sing
blanc|blanc2|blanc|*BLANK||ADJ||Masc,Plur,Nom
blandons|blandons|brandon|BRAND1||NOUN||Masc,Plur,Acc
blisiéz|blisiéz|brisier|BRISARE||VERB|compTens|Ind,Part,Past,Sing,Masc,MWEs
bon|bon1|bon|BONUS||ADJ||Masc,Sing,Acc
bone|bone|bon|BONUS||ADJ||Fem,Sing
bons|bons|bon|BONUS||ADJ||Masc,Plur,Acc
bonté|bonté|bonté|BONITAS||NOUN||Fem,Sing
braoient|braoient|braire|*BRAG-||VERB||Fin,Ind,Imp,Intr,3,Plur
briserent|briserent|brisier|BRISARE||VERB||Fin,Ind,Past,Act,Trans,3,Plur
car|car|car|QUARE||SCONJ||
casandre|casandre|Cassandre|||PROPN||Fem,Sing
cassandre|cassandre|Cassandre|||PROPN||Fem,Sing
castor|castor1|Castor|||PROPN||Masc,Sing,Acc
ce|ce|ce1|HOC||PRON||Dem,Neut,Sing,Nom
ce|ce1|ce1|HOC||PRON||Dem,Neut,Sing,Acc
ce|ce2|se|SI||SCONJ||
ce_qe|ce_qe|ce1|HOC||PRON|SConj |Dem,Neut,Sing,MWEs
ce_que|ce_que|ce1|HOC||PRON|SConj |Dem,Neut,Sing,MWEs
ce_q’|ce_q’|ce1|HOC||PRON|SConj |Dem,Neut,Sing,MWEs
cele|cele|cel|ILLE||DET||Dem,Fem,Sing
celebrer|celebrer|celebrer|CELEBER||VERB||Ind,Inf,Pres,Act,Trans
celeement|celeement|celeement|CELARE||ADV||Man
celi|celi|cel|ILLE||PRON||Dem,Fem,Sing
celle|celle|cel|ILLE||PRON||Dem,Fem,Sing
celle|celle1|cel|ILLE||PRON||Dem,Fem,Plur
cels|cels|cel|ILLE||PRON||Dem,Masc,Plur,Nom
cels|cels1|cel|ILLE||PRON||Dem,Masc,Plur,Acc
celui|celui|cel|ILLE||DET||Dem,Masc,Sing,Nom
celui|celui1|cel|ILLE||DET||Dem,Masc,Sing,Acc
celui|celui3|cel|ILLE||PRON||Dem,Masc,Sing,Acc
certainement|certainement|certainement|CERTUS||ADV||
ces|ces|ce2|ISTE||DET||Dem,Masc,Plur,Nom
ces|ces3|suen|SUUS||DET||Poss,Masc,Plur,Nom
ces|ces4|suen|SUUS||DET||Poss,Masc,Plur,Acc
ceste|ceste|cest|ISTE||PRON||Dem,Fem,Sing
ceste|ceste1|cest|ISTE||DET||Dem,Fem,Sing
cestui|cestui|cest|ISTE||PRON||Dem,Masc,Sing,Nom
cestui|cestui1|cest|ISTE||PRON||Dem,Masc,Sing,Acc
cestui|cestui2|cest|ISTE||DET||Dem,Masc,Sing,Nom
cestui|cestui3|cest|ISTE||DET||Dem,Masc,Sing,Acc
chanbre|chanbre|chambre1|CAMERA||NOUN||Fem,Sing
changioient|changioient|changier|CAMBIARE||VERB||Fin,Ind,Imp,Act,Trans,3,Plur
chargee|chargee|chargier|CARRICARE||VERB|compTens|Ind,Part,Past,Sing,Fem,MWEs
chargerent|chargerent|chargier|CARRICARE||VERB||Fin,Ind,Past,Act,Trans,3,Plur
chargés|chargés|chargier|CARRICARE||VERB|Adj|Ind,Part,Past,Plur,Masc
chargés|chargés1|chargier|CARRICARE||VERB|compTens|Ind,Part,Past,Plur,Masc,MWEs
charnels|charnels1|charnel2|CARNALIS||ADJ||Masc,Plur,Nom
chastel|chastel|chastel|CASTELLUM||NOUN||Masc,Sing,Acc
chastel|chastel1|chastel|CASTELLUM||NOUN||Masc,Sing,Nom
chemin|chemin|chemin|CAMMINUS||NOUN||Masc,Sing,Acc
chere|chere|chier|CARUS||ADJ||Fem,Sing
cherie|cherie|chierir|CARUS||VERB|compPass|Ind,Part,Past,Sing,Fem,MWEs
cherirai|cherirai1|chierir|CARUS||VERB||Fin,Ind,Fut,Act,Trans,1,Sing
chersant|chersant|cerchier|CIRCARE||VERB||Ind,Ger,Pres,Act,Trans
chevaliers|chevaliers2|chevalier|CABALLARIUS||NOUN||Masc,Plur,Nom
chevaliers|chevaliers3|chevalier|CABALLARIUS||NOUN||Masc,Plur,Acc
chevauchere|chevauchere|chevauchier|CABALLICARE||VERB||Fin,Ind,Past,Intr,3,Plur
chevaucherent|chevaucherent|chevauchier|CABALLICARE||VERB||Fin,Ind,Past,Intr,3,Plur
cheveitane|cheveitane|chevetaigne|CAPITANEUS||NOUN||Masc,Sing,Nom
cheïr|cheïr|chëoir|CADERE||VERB||Ind,Inf,Pres,Intr
chiere|chiere|chiere|CARA||NOUN||Fem,Sing
chiere|chiere1|chier|CARUS||ADJ||Fem,Sing
chierement|chierement|chierement|CARUS||ADV||Man
chitera|chitera||||||
chouchee|chouchee|couchier|COLLOCARE||VERB|compTens|Ind,Part,Past,Sing,Fem,MWEs
chouse|chouse|chose|CAUSA||NOUN||Fem,Sing
chousirent|chousirent||||||
ci|ci|ci|HIC||ADV||
ciaschun|ciaschun|chascun|CATA||PRON||Ind,Masc,Sing,Nom
ciascun|ciascun|chascun|CATA||PRON||Ind,Masc,Sing,Nom
cimestree|cimestree||||||
citea|citea||||||
citee|citee|cité|CIVITAS||NOUN||Fem,Sing
cité|cité|cité|CIVITAS||NOUN||Fem,Sing
cler|cler|cler|CLARUS||ADJ||Masc,Sing,Nom
clerement|clerement|clerement|CLARUS||ADV||Man
cloistrent|cloistrent| clore|CLAUDERE||VERB||Fin,Ind,Past,Act,Trans,3,Plur
coillie|coillie|coillir|COLLIGERE||VERB|compTens|Ind,Part,Past,Sing,Fem,MWEs
collees|collees||||||
com|com|come1|QUOMODO||SCONJ||
come|come|come1|QUOMODO||SCONJ||
comencerent|comencerent|comencier|COMINITIARE||VERB||Fin,Ind,Past,Intr,3,Plur
comensa|comensa|comencier|COMINITIARE||VERB||Fin,Ind,Past,Intr,3,Sing
coment|coment|coment|QUOMODO||ADV||Int
commensa|commensa|comencier|COMINITIARE||VERB||Fin,Ind,Past,Intr,3,Sing
con|con||||||
conbatans|conbatans|combatre|COMBATTERE||VERB|Adj|Ind,Ger,Pres
conbatus|conbatus|combatre|COMBATTERE||VERB|compPass|Ind,Part,Past,Plur,Masc,MWEs
conduisoit|conduisoit|conduire|CONDUCERE||VERB||Fin,Ind,Imp,Act,Trans,3,Sing
condusoit|condusoit|conduire|CONDUCERE||VERB||Fin,Ind,Imp,Act,Trans,3,Sing
conjota|conjota||||||
conjoïrent|conjoïrent|conjöir|GAUDERE||VERB||Fin,Ind,Past,Act,Trans,3,Plur
conjé|conjé|congié|COMMEATUS||NOUN||Masc,Sing,Acc
conmanda|conmanda|comander|COMMENDARE||VERB||Fin,Ind,Past,Act,Trans,3,Sing
connoisoient|connoisoient|conoistre|COGNOSCERE||VERB||Fin,Ind,Imp,Rfl,3,Plur
connut|connut|conoistre|COGNOSCERE||VERB||Fin,Ind,Past,Act,Trans,3,Sing
conoisirons|conoisirons|conoistre|COGNOSCERE||VERB||Fin,Ind,Fut,Act,Trans,1,Plur
conpaignie|conpaignie|compagnie|COMPANIO||NOUN||Fem,Sing
conpaignons|conpaignons|compagnon|COMPANIO||NOUN||Masc,Plur,Nom
conpaignons|conpaignons1|compagnon|COMPANIO||NOUN||Masc,Plur,Acc
conquerrons|conquerrons|conquerir|CONQUIRERE||VERB||Fin,Ind,Fut,Act,Trans,1,Plur
consoil|consoil|conseil|CONSILIUM||NOUN||Masc,Sing,Nom
consoil|consoil1|conseil|CONSILIUM||NOUN||Masc,Sing,Acc
consoilla|consoilla|conseillier3|CONSILIARE||VERB||Fin,Ind,Past,Intr,3,Sing
consoillier|consoillier2|conseillier3|CONSILIARE||VERB||Ind,Inf,Pres,Act,Trans
consoillés|consoillés2|conseillier3|CONSILIARE||VERB||Fin,Imp,Pres,Act,Trans,2,Plur
conta|conta|conter|COMPUTARE||VERB||Fin,Ind,Past,Act,Trans,3,Sing
conter|conter|conter|COMPUTARE||VERB||Ind,Inf,Pres,Act,Trans
contes|contes|conte2|COMPUTUS||NOUN||Masc,Sing,Nom
contredit|contredit|contredit|CONTRADICERE||NOUN||Masc,Sing,Acc
contree|contree|contree|CONTRA||NOUN||Fem,Sing
conté|conté1|conter|COMPUTARE||VERB|compPass|Ind,Part,Past,Sing,Masc,MWEs
contés|contés1|conter|COMPUTARE||VERB|compPass|Ind,Part,Past,Sing,Masc,MWEs
convendra|convendra|covenir|CONVENIRE||VERB||Fin,Ind,Fut,Intr,3,Sing
convient|convient|covenir|CONVENIRE||VERB||Fin,Ind,Pres,Intr,3,Sing
convooit|convooit|covoitier|CUPIDITAS||VERB||Fin,Ind,Imp,Act,Trans,3,Sing
coraje|coraje|corage|COR||NOUN||Masc,Sing,Acc
corirent|corirent1|corir|CURRERE||VERB||Fin,Ind,Past,Intr,3,Plur
corrociéz|corrociéz1|corrocier|*CORRUPTUM||VERB|Adj|Ind,Part,Past,Sing,Masc
corrociéz|corrociéz3|corrocier|*CORRUPTUM||VERB|Adj|Ind,Part,Past,Plur,Masc
cors|cors|cors1|CORPUS||NOUN||Masc,Sing,Acc
cortesie|cortesie|cortoisie|COHORS||NOUN||Fem,Sing
cortois|cortois|cortois|COHORS||ADJ||Masc,Sing,Nom
corue|corue|corir|CURRERE||VERB|compTens|Ind,Part,Past,Sing,Fem,MWEs
corurent|corurent|corir|CURRERE||VERB||Fin,Ind,Past,Intr,3,Plur
coulor|coulor|color|COLOR||NOUN||Fem,Sing
coux|coux|coup|COLAPHUS||NOUN||Masc,Plur,Acc
creüe|creüe|croire|CREDERE||VERB|compPass|Ind,Part,Past,Sing,Fem,MWEs
creüe|creüe1|croire|CREDERE||VERB|compTens|Ind,Part,Past,Sing,Fem,MWEs
cri|cri1|cri|QUIRITARE||NOUN||Masc,Sing,Acc
crie|crie|crïer1|QUIRITARE||VERB||Fin,Ind,Pres,Intr,3,Sing
criee|criee|crïee|QUIRITARE||NOUN||Fem,Sing
crioient|crioient|crïer1|QUIRITARE||VERB||Fin,Ind,Imp,Intr,3,Plur
crioit|crioit|crïer1|QUIRITARE||VERB||Fin,Ind,Imp,Intr,3,Sing
croi|croi|croire|CREDERE||VERB||Fin,Ind,Pres,Intr,1,Sing
cugnees|cugnees|coigniee|CUNEATUS||NOUN||Fem,Plur
cui|cui|qui|QUI||PRON||Rel,Acc
cuide|cuide|cuidier1|COGITARE||VERB||Fin,Ind,Pres,Act,Trans,3,Sing
cuide|cuide1|cuidier1|COGITARE||VERB||Fin,Ind,Pres,Intr,3,Sing
cuidier|cuidier|cuidier1|COGITARE||VERB|Noun|Ind,Inf,Pres
cuidoient|cuidoient|cuidier1|COGITARE||VERB||Fin,Ind,Imp,Intr,3,Plur
cuit|cuit1|cuidier1|COGITARE||VERB||Fin,Ind,Pres,Intr,1,Sing
cuor|cuor1|cuer2|COR||NOUN||Masc,Sing,Nom
c’|c’|se|SI||SCONJ||
damaje|damaje|damage|DAMNUM||NOUN||Masc,Sing,Nom
damaje|damaje1|damage|DAMNUM||NOUN||Masc,Sing,Acc
damajer|damajer|damagier|DAMNUM||VERB||Ind,Inf,Pres,Act,Trans
dame|dame|dame|DOMINA||NOUN||Fem,Sing
damegier|damegier|damagier|DAMNUM||VERB||Ind,Inf,Pres,Act,Trans
dames|dames|dame|DOMINA||NOUN||Fem,Plur
damoiseles|damoiseles1|damoisele|*DOMNICELLA||NOUN||Fem,Plur
damoiselles|damoiselles|damoisele|*DOMNICELLA||NOUN||Fem,Plur
de|de|de|DE||ADP||
de_dens|de_dens|dedans|DEINTUS||ADP||
de_denz|de_denz|dedans|DEINTUS||ADP||
de_part_diex|de_part_diex||||||
de_sor|de_sor|desor|SUPER||ADP||
de_sus|de_sus|desus|SURSUM||ADP||
debrisiéz|debrisiéz|debrisier|BRISARE||VERB|compPass|Ind,Part,Past,Sing,Masc,MWEs
declin|declin|declin|DECLINARE||NOUN||Masc,Sing,Acc
deesse|deesse|dieuesse|DEUS||NOUN||Fem,Sing
defendre|defendre|defendre|DEFENDERE||VERB||Ind,Inf,Pres,Rfl
defendre|defendre1|defendre|DEFENDERE||VERB||Ind,Inf,Pres,Act,Trans
defensions|defensions|defensïon|DEFENSIO||NOUN||Fem,Sing
deifebus|deifebus|Deiphebe|||PROPN||Masc,Sing,Nom
deiphebus|deiphebus|Deiphebe|||PROPN||Masc,Sing,Nom
delaiement|delaiement1|delaiement|LAXARE||NOUN||Masc,Sing,Acc
delitable|delitable|delitable|DELECTARE||ADJ||Masc,Sing,Nom
delés|delés|dalez|LATUS2||ADP||
demander|demander|demander|DEMANDARE||VERB||Ind,Inf,Pres,Act,Trans
demanderent|demanderent|demander|DEMANDARE||VERB||Fin,Ind,Past,Act,Trans,3,Plur
demanderent|demanderent1|demander|DEMANDARE||VERB||Fin,Ind,Past,Intr,3,Plur
demandoient|demandoient|demander|DEMANDARE||VERB||Fin,Ind,Imp,Act,Trans,3,Plur
demandé|demandé1|demander|DEMANDARE||VERB|compTens|Ind,Part,Past,Sing,Masc,MWEs
demeine|demeine|demener|MINARE||VERB||Fin,Ind,Pres,Act,Trans,3,Sing
demencer|demencer|dementer|DEMENTARE||VERB||Ind,Inf,Pres,Rfl
demencoit|demencoit|dementer|DEMENTARE||VERB||Fin,Ind,Imp,Act,Trans,3,Sing
demenoit|demenoit|demener|MINARE||VERB||Fin,Ind,Imp,Act,Trans,3,Sing
demente|demente|dementer|DEMENTARE||VERB||Fin,Ind,Pres,Rfl,3,Sing
demoirés|demoirés|demorer|DEMORARI||VERB||Fin,Ind,Fut,Intr,2,Plur
demonstroit|demonstroit|demostrer|DEMONSTRARE||VERB||Fin,Ind,Imp,Act,Trans,3,Sing
demorer|demorer|demorer|DEMORARI||VERB||Ind,Inf,Pres,Intr
demorerent|demorerent|demorer|DEMORARI||VERB||Fin,Ind,Past,Intr,3,Plur
demostroit|demostroit|demostrer|DEMONSTRARE||VERB||Fin,Ind,Imp,Act,Trans,3,Sing
derobee|derobee|desrober|*RAUBôN||VERB|compPass|Ind,Part,Past,Sing,Fem,MWEs
des|des|un|UNUS||DET||ArtIndef,Masc,Plur
des|des1|un|UNUS||DET||ArtIndef,Fem,Plur
des|des2|de|DE||ADP||PrepArt
descendi|descendi|descendre|DESCENDERE||VERB||Fin,Ind,Past,Intr,3,Sing
deschargerent|deschargerent|deschargier|CARRICARE||VERB||Fin,Ind,Past,Intr,3,Plur
desconfis|desconfis|desconfire|CONFICERE||VERB|compPass|Ind,Part,Past,Plur,Masc,MWEs
desconfis|desconfis1|desconfire|CONFICERE||VERB||Ind,Part,Past,Plur,Masc
desconfiture|desconfiture|desconfiture|CONFICERE||NOUN||Fem,Sing
desconfortees|desconfortees|desconforter|CONFORTARE||VERB|Adj|Ind,Part,Past,Plur,Fem
desconfortés|desconfortés|desconforter|CONFORTARE||VERB||Fin,Imp,Pres,Rfl,2,Plur
descouvrir|descouvrir|descovrir|COOPERIRE||VERB||Ind,Inf,Pres,Act,Trans
desduit|desduit|deduit|DUCERE||NOUN||Masc,Sing,Acc
desirent|desirent|desirrer|DESIDERARE||VERB||Fin,Ind,Pres,Intr,3,Plur
desmesure|desmesure|desmesure|MENSURARE||NOUN||Fem,Sing
desmesuré|desmesuré|desmesurer|MENSURARE||VERB|Adj|Ind,Part,Past,Sing,Masc
desormés|desormés|desormais|HORA||ADV||Tim
despart|despart|depart|PARTIRE||NOUN||Masc,Sing,Acc
desplest|desplest|desplaire|PLACERE||VERB||Fin,Ind,Past,Intr,3,Sing
destorbier|destorbier|destorber|DISTURBARE||VERB|Noun|Ind,Inf,Pres
destruite|destruite|destruire|DESTRUERE||VERB|compPass|Ind,Part,Past,Sing,Fem,MWEs
destrutions|destrutions|destructïon|DESTRUERE||NOUN||Fem,Sing
desus|desus1|desus|SURSUM||ADP||
detrencherent|detrencherent1|detrenchier|*TRINICARE||VERB||Fin,Ind,Past,Act,Trans,3,Plur
detrenchier|detrenchier|detrenchier|*TRINICARE||VERB||Ind,Inf,Pres,Act,Trans
detrenchés|detrenchés|detrenchier|*TRINICARE||VERB|compPass|Ind,Part,Past,Plur,Masc,MWEs
detrenchés|detrenchés1|detrenchier|*TRINICARE||VERB||Ind,Part,Past,Sing,Masc
detrenchés|detrenchés2|detrenchier|*TRINICARE||VERB|compTens|Ind,Part,Past,Plur,Masc,MWEs
devant|devant1|devant|ABANTE||ADP||
devenoient|devenoient|devenir|DEVENIRE||VERB||Fin,Ind,Imp,Intr,3,Plur
devers|devers|devers|VERSUS1||ADP||
devers|devers1|divers|DIVERSUS||ADJ||Fem,Plur
devin|devin|devin1|DIVINUS||ADJ||Masc,Sing,Acc
devise|devise|devise|*DIVISARE||NOUN||Fem,Sing
devisera|devisera|deviser|*DIVISARE||VERB||Fin,Ind,Fut,Intr,2,Plur
devoient|devoient|devoir|DEBERE||VERB|auxMod|Fin,Ind,Imp,3,Plur
devoit|devoit|devoir|DEBERE||VERB|auxMod|Fin,Ind,Imp,3,Sing
devosion|devosion|devocïon|DEVOTIO||NOUN||Fem,Sing
devés|devés|devoir|DEBERE||VERB|auxMod|Fin,Ind,Pres,2,Plur
deüst|deüst|devoir|DEBERE||VERB|auxMod|Fin,Sub,Imp,3,Sing
di|di|dire|DICERE||VERB||Fin,Ind,Pres,Intr,1,Sing
diane|diane||||||
dieu|dieu1|dieu|DEUS||NOUN||Masc,Sing,Acc
diex|diex|dieu|DEUS||NOUN||Masc,Plur,Acc
diex|diex1|dieu|DEUS||NOUN||Masc,Plur,Nom
diex|diex2|dieu|DEUS||NOUN||Masc,Sing,Nom
diex|diex3|dieu|DEUS||NOUN||Masc,Sing,Acc
dir|dir|dire|DICERE||VERB||Ind,Inf,Pres,Intr
dire|dire|dire|DICERE||VERB||Ind,Inf,Pres,Intr
disant|disant|dire|DICERE||VERB||Ind,Part,Pres,Intr
disoit|disoit|dire|DICERE||VERB||Fin,Ind,Imp,Intr,3,Sing
dist|dist|dire|DICERE||VERB||Fin,Ind,Past,Intr,3,Sing
distrent|distrent|dire|DICERE||VERB||Fin,Ind,Past,Intr,3,Plur
dit|dit|dire|DICERE||VERB||Fin,Ind,Pres,Intr,3,Sing
dit|dit4|dire|DICERE||VERB|compTens|Ind,Part,Past,Sing,Masc,MWEs
doi|doi1|devoir|DEBERE||VERB|auxMod|Fin,Ind,Pres,1,Sing
doit|doit|devoir|DEBERE||VERB|auxMod|Fin,Ind,Pres,3,Sing
dolereuse|dolereuse|doloros|DOLOROSUS||ADJ||Fem,Sing
dolereusement|dolereusement|doloros|DOLOROSUS||ADV||Man
donassent|donassent|doner|DONARE||VERB||Fin,Sub,Imp,Act,Trans,3,Plur
donc|donc1|dont|UNDE||PRON||Int
doner|doner|doner|DONARE||VERB||Ind,Inf,Pres,Act,Trans
dons|dons|don|DONUM||NOUN||Masc,Plur,Acc
dormorent|dormorent|dormir|DORMIRE||VERB||Fin,Ind,Past,Intr,3,Plur
dou|dou|de|DE||ADP||PrepArt
doublés|doublés|dobler|DUPLARE||VERB|compPass|Ind,Part,Past,Sing,Masc,MWEs
doucement|doucement|doucement|DULCIS||ADV||Man
doulenz|doulenz|dolent|DOLERE||ADJ||Masc,Sing,Nom
doulor|doulor|dolor|DOLOR||NOUN||Masc,Sing,Acc
doulor|doulor2|dolor|DOLOR||NOUN||Masc,Sing,Nom
dounerent|dounerent|doner|DONARE||VERB||Fin,Ind,Past,Act,Trans,3,Plur
doux|doux|douz|DULCIS||ADJ||Masc,Sing,Nom
doux|doux1|douz|DULCIS||ADJ||Fem,Sing
doïnent|doïnent|doner|DONARE||VERB||Sub,Pres,Act,Trans,3,Plur
dras|dras|drap|DRAPPUS||NOUN||Masc,Plur,Acc
droit|droit|droit|DIRECTUS||ADV||
droit|droit1|droit|DIRECTUS||ADJ||Masc,Sing,Acc
droiturier|droiturier|droiturier2|DIRECTUS||ADJ||Masc,Sing,Acc
duel|duel|duel|DOLUS||NOUN||Masc,Sing,Nom
duel|duel1|duel|DOLUS||NOUN||Masc,Sing,Acc
dui|dui|deus|DUO||NUM||Ord
dui_mile|dui_mile||||||
dur|dur|dur|DURUS||ADJ||Masc,Sing,Acc
dura|dura|durer|DURARE||VERB||Fin,Ind,Past,Intr,3,Sing
durement|durement|durement|DURUS||ADV||Man
d’|d’|de|DE||ADP||
echouchee|echouchee|escouchier|COLLOCARE||VERB|compTens|Ind,Part,Past,Sing,Fem,MWEs
ecuba|ecuba|Hécube|||PROPN||Fem,Sing
efionan|efionan||||||
elle|elle|il|ILLE||PRON||Prs,3,Fem,Sing,Nom
elle|elle1|il|ILLE||PRON||Prs,3,Fem,Plur,Nom
els|els1|il|ILLE||PRON||Prs,3,Masc,Plur,Acc
elx|elx|il|ILLE||PRON||Prs,3,Masc,Plur,Acc
en|en|en1|IN||ADP||
en_la_fin|en_la_fin|fin1|FINIS||NOUN|Adv|Fem,Sing
en_luec|en_luec|iluec|ILLOC||ADV||Loc
en_poi_d’|en_poi_d’||||||
en_si|en_si|ainsi|SIC||ADV||
en_si_com|en_si_com|ainsi|SIC||ADV|Adv|MWEs
en_tel_mainiere|en_tel_mainiere|maniere|MANUARIUS||NOUN|Adv|Fem,Sing
en_tel_mainiere_q’|en_tel_mainiere_q’|maniere|MANUARIUS||NOUN|SConj |Fem,Sing
enamora|enamora|enamorer|AMOR||VERB||Fin,Ind,Past,Rfl,3,Sing
enarta|enarta|enardre|ARDERE||VERB||Fin,Ind,Past,Intr,3,Sing
encontra|encontra|encontrer|CONTRA||VERB||Fin,Ind,Past,Act,Trans,3,Sing
encontrerent|encontrerent|encontrer|CONTRA||VERB||Fin,Ind,Past,Act,Trans,3,Plur
encore|encore|encore|HORA||ADV||
enemis|enemis|enemi|INIMICUS||NOUN||Masc,Plur,Acc
enfains|enfains|enfant|INFANS||NOUN||Masc,Plur,Acc
engonbrier|engonbrier1|encombrier1|*COMBOROS||NOUN||Masc,Sing,Nom
enluec|enluec|iluec|ILLOC||ADV||
enmena|enmena|enmener|MINARE||VERB||Fin,Ind,Past,Act,Trans,3,Sing
enmenerent|enmenerent|enmener|MINARE||VERB||Fin,Ind,Past,Act,Trans,3,Plur
enmeneromes|enmeneromes|enmener|MINARE||VERB||Fin,Ind,Fut,Act,Trans,1,Plur
enor|enor|onor|HONOS||NOUN||Masc,Sing,Acc
enpire|enpire|empire|IMPERIUM||NOUN||Masc,Sing,Acc
enpire|enpire1|empire|IMPERIUM||NOUN||Masc,Sing,Nom
enqis|enqis|enquerre|INQUIRERE||VERB|compTens|Ind,Part,Past,Sing,Masc,MWEs
enqistrent|enqistrent|enquerre|INQUIRERE||VERB||Fin,Ind,Past,Intr,3,Plur
ensausee|ensausee|essaucier|*EXALTIARE||VERB|compPass|Ind,Part,Past,Sing,Fem,MWEs
ensement|ensement|ensement|IPSE||ADV||
ensenble|ensenble|ensemble|INSIMUL||ADV||
ensi|ensi|ainsi|SIC||ADV||
ensi_com|ensi_com|ainsi|SIC||ADV|Adv|MWEs
ensi_come|ensi_come|ainsi|SIC||ADV|Adv|MWEs
entendus|entendus|entendre|INTENDERE||VERB|compTens|Ind,Part,Past,Sing,Masc,MWEs
entiers|entiers|entier|INTEGER||ADJ||Masc,Sing,Acc
entre|entre|entre2|INTER||ADP||
entrerent|entrerent|entrer|INTRARE||VERB||Fin,Ind,Past,Intr,3,Plur
entr’|entr’|entre2|INTER||ADP||
envoia|envoia|envoiier|INVIARE||VERB||Fin,Ind,Past,Act,Trans,3,Sing
envoierai|envoierai|envoiier|INVIARE||VERB||Fin,Ind,Fut,Act,Trans,1,Sing
envoiés|envoiés|envoiier|INVIARE||VERB|compTens|Ind,Part,Past,Sing,Masc,MWEs
erbergerent|erbergerent|herbergier|*HARIBERGôN||VERB||Fin,Ind,Past,Rfl,3,Plur
ert|ert|estre|ESSE||VERB|auxPass|Fin,Ind,Imp,3,Sing,MWEs
esbaïs|esbaïs1|esbäir|BATARE||VERB|Adj|Ind,Part,Past,Plur,Masc
esclaris|esclaris|esclairier|*EXCLARIARE||VERB|compTens|Ind,Part,Past,Sing,Masc,MWEs
escoutee|escoutee|escouter|AUSCULTARE||VERB|compTens|Ind,Part,Past,Sing,Fem,MWEs
escurtés|escurtés|obscurité (GDC)|OBSCURITAS||NOUN||Fem,Sing
escus|escus|escu|SCUTUM||NOUN||Masc,Plur,Acc
esilliee|esilliee|essillier|EXILIARE||VERB|compPass|Ind,Part,Past,Sing,Fem,MWEs
esionan|esionan|Esionam|||PROPN||Fem,Sing
eslee|eslee||||||
espandue|espandue|espandre|EXPANDERE||VERB|compPass|Ind,Part,Past,Sing,Fem,MWEs
espee|espee|espee|SPATHA||NOUN||Fem,Sing
espees|espees|espee|SPATHA||NOUN||Fem,Plur
esploit|esploit|esploit|EXPLICITUM||NOUN||Masc,Sing,Acc
esploita|esploita|esploitier|EXPLICITUM||VERB||Fin,Ind,Past,Intr,3,Sing
esploitier|esploitier|esploitier|EXPLICITUM||VERB||Ind,Inf,Pres,Intr
esploitiés|esploitiés|esploitier|EXPLICITUM||VERB|compTens|Ind,Part,Past,Sing,Masc,MWEs
esploitiéz|esploitiéz|esploitier|EXPLICITUM||VERB|compTens|Ind,Part,Past,Sing,Masc,MWEs
esposerai|esposerai|esposer2|SPONSARE||VERB||Fin,Ind,Fut,Act,Trans,1,Sing
espousa|espousa|esposer2|SPONSARE||VERB||Fin,Ind,Past,Act,Trans,3,Sing
esprenoient|esprenoient|esprendre2|PREHENDERE||VERB||Fin,Ind,Imp,Intr,3,Plur
est|est|estre1|ESSE||VERB||Fin,Ind,Pres,Intr,3,Sing
est|est1|estre1|ESSE||VERB|auxCop|Fin,Ind,Pres,3,Sing
est|est3|estre1|ESSE||VERB|auxTens|Fin,Ind,Pres,3,Sing,MWEs
est|est6|estre1|ESSE||VERB|auxCop|Fin,Ind,Pres,2,Plur
establi|establi|establir|STABILIRE||VERB|compPass|Ind,Part,Past,Sing,Masc,MWEs
estee|estee|estre1|ESSE||VERB|compTens|Ind,Part,Past,Sing,Fem,MWEs
estoient|estoient|estre1|ESSE||VERB|auxCop|Fin,Ind,Imp,3,Plur
estoient|estoient1|estre1|ESSE||VERB||Fin,Ind,Imp,Intr,3,Plur
estoient|estoient2|estre1|ESSE||VERB|auxTens|Fin,Ind,Imp,3,Plur,MWEs
estoient|estoient3|estre1|ESSE||VERB|auxPass|Fin,Ind,Imp,3,Plur,MWEs
estoilles|estoilles|estoile|STELLA||NOUN||Fem,Plur
estoit|estoit|estre1|ESSE||VERB||Fin,Ind,Imp,Intr,3,Sing
estoit|estoit1|estre1|ESSE||VERB|auxCop|Fin,Ind,Imp,3,Sing
estoit|estoit2|estre1|ESSE||VERB|auxPass|Fin,Ind,Imp,3,Sing,MWEs
estoit|estoit3|estre1|ESSE||VERB|auxTens|Fin,Ind,Imp,3,Sing,MWEs
estrange|estrange|estrange|EXTRANEUS||ADJ||Masc,Sing,Acc
estrangement|estrangement|estrange|EXTRANEUS||ADV||Man
estre|estre|estre1|ESSE||VERB|auxPass|Ind,Inf,Pres,MWEs
estre|estre1|estre1|ESSE||VERB|Noun|Ind,Inf,Pres
estre|estre2|estre1|ESSE||VERB||Ind,Inf,Pres,Intr
estre|estre3|estre1|ESSE||VERB|auxCop|Ind,Inf,Pres
estre|estre4|estre1|ESSE||VERB|auxTens|Ind,Inf,Pres,MWEs
esté|esté7|estre1|ESSE||VERB|compTens|Ind,Part,Past,Plur,Masc,MWEs
et|et|et|ET||CCONJ||
eüe|eüe|avoir|HABERE||VERB|compTens|Ind,Part,Past,Sing,Fem,MWEs
eüssent|eüssent|avoir|HABERE||VERB|auxTens|Fin,Sub,Imp,3,Plur,MWEs
facent|facent|faire|FACERE||VERB||Fin,Sub,Pres,Act,Trans,3,Plur
faillir|faillir|falir|FALLERE||VERB||Ind,Inf,Pres,Intr
faire|faire|faire|FACERE||VERB||Ind,Inf,Pres,Act,Trans
fais|fais|faire|FACERE||VERB|auxMod|Fin,Ind,Pres,1,Sing
faisons|faisons|façon|FACTIO||NOUN||Fem,Sing
fait|fait2|faire|FACERE||VERB|compPass|Ind,Part,Past,Sing,Masc,MWEs
fait|fait3|faire|FACERE||VERB|auxMod|Fin,Ind,Pres,3,Sing
fas|fas|faire|FACERE||VERB||Fin,Ind,Pres,Act,Trans,1,Sing
feira|feira|faire|FACERE||VERB||Fin,Ind,Fut,Act,Trans,3,Sing
feirons|feirons|faire|FACERE||VERB||Fin,Ind,Fut,Act,Trans,1,Plur
feison|feison|faire|FACERE||VERB||Fin,Ind,Pres,Act,Trans,1,Plur
feisons|feisons|faire|FACERE||VERB||Fin,Ind,Pres,Act,Trans,1,Plur
feme|feme|feme|FEMINA||NOUN||Fem,Sing
femes|femes|feme|FEMINA||NOUN||Fem,Plur
fenir|fenir|fenir|FINIRE||VERB||Ind,Inf,Pres,Intr
fer|fer1|faire|FACERE||VERB||Ind,Inf,Pres,Act,Trans
fera|fera|faire|FACERE||VERB||Fin,Ind,Fut,Act,Trans,3,Sing
fere|fere|faire|FACERE||VERB||Ind,Inf,Pres,Act,Trans
ferir|ferir1|ferir|FERIRE||VERB||Ind,Inf,Pres,Intr
ferirent|ferirent|ferir|FERIRE||VERB||Fin,Ind,Past,Act,Trans,3,Plur
ferirent|ferirent1|ferir|FERIRE||VERB||Fin,Ind,Past,Rfl,3,Plur
ferés|ferés|faire|FACERE||VERB||Fin,Ind,Fut,Act,Trans,2,Plur
fesioit|fesioit||||||
fesoient|fesoient|faire|FACERE||VERB||Fin,Ind,Imp,Act,Trans,3,Plur
fesoit|fesoit|faire|FACERE||VERB||Fin,Ind,Imp,Act,Trans,3,Sing
fesoit|fesoit2|faire|FACERE||VERB||Fin,Ind,Imp,Intr,3,Sing
feste|feste|feste|FESTA||NOUN||Fem,Sing
festoierent|festoierent|festiier|FESTA||VERB||Fin,Ind,Past,Intr,3,Plur
fet|fet1|faire|FACERE||VERB||Fin,Ind,Past,Intr,3,Sing
fet|fet2|faire|FACERE||VERB|compTens|Ind,Part,Past,Sing,Masc,MWEs
fet|fet4|faire|FACERE||VERB|compTens|Ind,Part,Past,Plur,Masc,MWEs
fet|fet9|fait1|FACTUM||NOUN||Masc,Sing,Acc
fete|fete|faire|FACERE||VERB|compTens|Ind,Part,Past,Sing,Fem,MWEs
fetes|fetes|faire|FACERE||VERB||Fin,Ind,Pres,Act,Trans,2,Plur
fetes|fetes2|faire|FACERE||VERB||Fin,Imp,Pres,Act,Trans,2,Plur
feïsiéz|feïsiéz|faire|FACERE||VERB|auxMod|Fin,Sub,Pres,2,Plur
fille|fille|fille|FILIA||NOUN||Fem,Sing
filles|filles|fille|FILIA||NOUN||Fem,Plur
fillie|fillie|fille|FILIA||NOUN||Fem,Sing
fils|fils|fil2|FILIUS||NOUN||Masc,Plur,Nom
fine|fine|finer|FINIRE||VERB||Fin,Ind,Pres,Intr,3,Sing
finer|finer|finer|FINIRE||VERB||Ind,Inf,Pres,Intr
firent|firent|faire|FACERE||VERB||Fin,Ind,Past,Act,Trans,3,Plur
fis|fis|fil2|FILIUS||NOUN||Masc,Sing,Nom
fist|fist|faire|FACERE||VERB||Fin,Ind,Past,Intr,3,Sing
fist|fist1|faire|FACERE||VERB|auxMod|Fin,Ind,Past,3,Sing
fist|fist2|faire|FACERE||VERB||Fin,Ind,Past,Act,Trans,3,Sing
fiz|fiz1|fil2|FILIUS||NOUN||Masc,Sing,Acc
flors|flors|flor1|FLOS||NOUN||Fem,Sing
foi|foi|foi|FIDES||NOUN||Fem,Sing
font|font|faire|FACERE||VERB||Fin,Ind,Pres,Act,Trans,3,Plur
force|force|force2|FORTIA||NOUN||Fem,Sing
fors|fors|fors1|FORAS||ADP||
fors|fors4|fors1|FORTIS||ADJ||Masc,Sing,Acc
forsenee|forsenee|forsener|SINNO-||VERB|Adj|Ind,Part,Past,Sing,Fem
fort|fort|fort|FORTIS||ADV||
fort|fort4|fort|FORTIS||ADJ||Masc,Sing,Nom
forte|forte|fort|FORTIS||ADJ||Fem,Sing
forteresse|forteresse|forterece|FORTIS||NOUN||Fem,Sing
frain|frain|frein|FRENUM||NOUN||Masc,Sing,Acc
frere|frere|frere|FRATER||NOUN||Masc,Sing,Nom
freres|freres1|frere|FRATER||NOUN||Masc,Plur,Acc
frore|frore||||||
fu|fu|estre1|ESSE||VERB|auxCop|Fin,Ind,Past,3,Sing
fu|fu1|estre1|ESSE||VERB|auxPass|Fin,Ind,Past,3,Sing,MWEs
fu|fu2|estre1|ESSE||VERB|auxTens|Fin,Ind,Past,3,Sing,MWEs
fu|fu3|estre1|ESSE||VERB||Fin,Ind,Past,Intr,3,Sing
fueille|fueille|fueille|FOLIUM||NOUN||Fem,Sing
fuie|fuie|fuie|FUGERE||NOUN||Fem,Sing
furent|furent|estre1|ESSE||VERB||Fin,Ind,Past,Intr,3,Plur
furent|furent1|estre1|ESSE||VERB|auxTens|Fin,Ind,Past,3,Plur,MWEs
furent|furent2|estre1|ESSE||VERB|auxPass|Fin,Ind,Past,3,Plur,MWEs
furent|furent4|estre1|ESSE||VERB|auxCop|Fin,Ind,Past,3,Plur
fussent|fussent1|estre1|ESSE||VERB|auxCop|Fin,Sub,Imp,3,Plur
fussent|fussent2|estre1|ESSE||VERB|auxTens|Fin,Sub,Imp,3,Plur,MWEs
fussent|fussent3|estre1|ESSE||VERB||Fin,Sub,Imp,Intr,3,Plur
fust|fust4|estre1|ESSE||VERB|auxPass|Fin,Sub,Imp,3,Sing,MWEs
fust|fust5|estre1|ESSE||VERB||Fin,Sub,Imp,Intr,3,Sing
fust|fust6|estre1|ESSE||VERB|auxTens|Fin,Sub,Imp,3,Sing,MWEs
fustes|fustes1|estre1|ESSE||VERB|compTens|Fin,Ind,Past,2,Plur,MWEs
gaagnerons|gaagnerons|gäaignier1|*WAIðANJAN||VERB||Fin,Ind,Fut,Act,Trans,1,Plur
gaaignés|gaaignés|gäaignier1|*WAIðANJAN||VERB|compTens|Ind,Part,Past,Plur,Masc,MWEs
gaaing|gaaing|gäaing|*WAIðANJAN||NOUN||Masc,Sing,Acc
garder|garder|warder|*WARDôN||VERB||Ind,Inf,Pres,Act,Trans
garentir|garentir|garantir|*WERJAN||VERB||Ind,Inf,Pres,Act,Trans
gastee|gastee|gaster|VASTARE||VERB|compPass|Ind,Part,Past,Sing,Fem,MWEs
gens|gens|gent1|GENS||NOUN||Fem,Sing
gent|gent|gent2|GENITUS||ADJ||Fem,Sing
gentement|gentement|gentement|GENITUS||ADV||Man
genz|genz|gent1|GENS||NOUN||Fem,Plur
grace|grace|grace|GRATIA||NOUN||Fem,Sing
graine|graine|graine|GRANUM||NOUN||Fem,Sing
grant|grant|grant|GRANDIS||ADJ||Masc,Sing,Nom
grant|grant1|grant|GRANDIS||ADJ||Masc,Sing,Acc
grant|grant4|grant|GRANDIS||ADJ||Fem,Sing
grant|grant5|grant|GRANDIS||ADJ||Fem,Plur
grese|grese|Grèce|||PROPN||Fem,Sing
gresle|gresle|graisle|GRACILIS||NOUN||Masc,Sing,Acc
gresois|gresois1|gregois|GRAECUS||ADJ|Noun|Masc,Plur,Acc
gresois|gresois2|gregois|GRAECUS||ADJ|Noun|Masc,Plur,Nom
grieve|grieve|grever|GRAVARE||VERB||Fin,Ind,Pres,Act,Intr,3,Sing
guere|guere|gaire|*WAIGARO||ADV||
guerri|guerri|garir|*WARJAN||VERB|Adj|Ind,Part,Past,Sing,Masc
guier|guier|guiier|*WîTAN||VERB||Ind,Inf,Pres,Act,Trans
guise|guise|guise|*WîSA||NOUN||Fem,Sing
gusarmes|gusarmes|gisarme|*WîSARM||NOUN||Fem,Plur
haisiement|haisiement|aise|ADJACENS||ADV||Man
hardis|hardis1|hardi|*HARDJAN||ADJ||Masc,Plur,Nom
haus|haus|haut|ALTUS||ADJ||Masc,Plur,Acc
haut|haut|haut|ALTUS||ADJ||Masc,Sing,Acc
hautesse|hautesse|hautesse|ALTITIA||NOUN||Fem,Sing
haï|haï|äi|HA||INTJ||
haï_las|haï_las||||||
heleine|heleine|Hélène|||PROPN||Fem,Sing
helene|helene|Hélène|||PROPN||Fem,Sing
heneas|heneas|Énéas|||PROPN||Masc,Sing,Nom
henemis|henemis|enemi|INIMICUS||NOUN||Masc,Plur,Acc
henor|henor|onor|HONOS||NOUN||Masc,Sing,Acc
henor|henor2|onor|HONOS||NOUN||Masc,Sing,Nom
herbergés|herbergés|herbergier|*HARIBERGôN||VERB|compPass|Ind,Part,Past,Plur,Masc,MWEs
ho|ho|avuec|AB HOC||ADP||
hobeir|hobeir|obëir|OBOEDIRE||VERB||Ind,Inf,Pres,Act,Trans
hobeïe|hobeïe|obëir|OBOEDIRE||VERB|compPass|Ind,Part,Past,Sing,Fem,MWEs
hobeïront|hobeïront|obëir|OBOEDIRE||VERB||Fin,Ind,Fut,Intr,3,Plur
hocir|hocir|ocire|OCCIDERE||VERB||Ind,Inf,Pres,Act,Trans
hocis|hocis|ocire|OCCIDERE||VERB||Ind,Part,Past,Plur,Masc
hocis|hocis1|ocire|OCCIDERE||VERB|compPass|Ind,Part,Past,Plur,Masc,MWEs
hocis|hocis2|ocire|OCCIDERE||VERB|compTens|Ind,Part,Past,Plur,Masc,MWEs
hocis|hocis3|ocire|OCCIDERE||VERB||Ind,Part,Past,Sing,Masc
hocistrent|hocistrent|ocire|OCCIDERE||VERB||Fin,Ind,Past,Act,Trans,3,Plur
hocïoient|hocïoient|ocire|OCCIDERE||VERB||Fin,Ind,Imp,Act,Trans,3,Plur
hoire|hoire||||||
homes|homes|ome|HOMO||NOUN||Masc,Plur,Nom
homes|homes1|ome|HOMO||NOUN||Masc,Plur,Acc
honcles|honcles|oncle|AVUNCULUS||NOUN||Masc,Plur,Acc
honoree|honoree|onorer|HONORARE||VERB|compPass|Ind,Part,Past,Sing,Fem,MWEs
honoreement|honoreement|onoreement|HONORARE||ADV||Man
honorer|honorer|onorer|HONORARE||VERB||Ind,Inf,Pres,Act,Trans
honorerent|honorerent|onorer|HONORARE||VERB||Fin,Ind,Past,Act,Trans,3,Plur
honorés|honorés2|onorer|HONORARE||VERB|compPass|Ind,Part,Past,Sing,Fem,MWEs
honque|honque|onque|UMQUAM||ADV||Tim
hont|hont|avoir|HABERE||VERB|auxTens|Fin,Ind,Pres,3,Plur,MWEs
honte|honte|honte|*HAUNIþA||NOUN||Fem,Sing
hordineement|hordineement|ordineement (GD)|ORDINARE||ADV||Man
horent|horent1|avoir|HABERE||VERB|auxTens|Fin,Ind,Past,3,Plur,MWEs
horison|horison|oraison|ORATIO||NOUN||Fem,Sing
hors|hors|hors|FORAS||ADV||Loc
hot|hot|avoir|HABERE||VERB|auxTens|Fin,Ind,Past,3,Sing,MWEs
hot|hot3|öir|AUDIRE||VERB||Fin,Ind,Past,Act,Trans,3,Sing
hoï|hoï1|öir|AUDIRE||VERB|compTens|Ind,Part,Past,Sing,Masc,MWEs
hoï|hoï2|öir|AUDIRE||VERB||Fin,Ind,Past,Act,Trans,1,Sing
hoïr|hoïr|öir|AUDIRE||VERB||Ind,Inf,Pres,Act,Trans
hoïrent|hoïrent|öir|AUDIRE||VERB||Fin,Ind,Past,Act,Trans,3,Plur
hoïstrent|hoïstrent|issir|EXIRE||VERB||Fin,Ind,Past,Intr,3,Plur
i|i|i2|HIC||PRON||
il|il|il|ILLE||PRON||Prs,3,Masc,Sing,Nom
il|il1|il|ILLE||PRON||Prs,3,Masc,Plur,Nom
il|il2|il|ILLE||PRON||Prs,3,Neut,Sing,Nom
ille|ille|isle|INSULA||NOUN||Fem,Sing
isilliee|isilliee|essillier|EXILIARE||VERB|compPass|Ind,Part,Past,Sing,Fem,MWEs
isle|isle|isle|INSULA||NOUN||Fem,Sing
ja|ja|ja|JAM||ADV||
jadis|jadis|jadis|JAM||ADV||Tim
jamés|jamés|ja|JAM||ADV||Tim
je|je|je|EGO||PRON||Prs,1,Sing,Nom
joiant|joiant1|joiant|GAUDERE||ADJ||Masc,Sing,Nom
joie|joie|joie|GAUDIUM||NOUN||Fem,Sing
joieus|joieus|joios|GAUDIUM||ADJ||Masc,Sing,Nom
joieuse|joieuse|joios|GAUDIUM||ADJ||Fem,Sing
jor|jor|jor|DIURNUM||NOUN||Masc,Sing,Acc
jor|jor1|jor|DIURNUM||NOUN||Masc,Sing,Nom
jors|jors|jor|DIURNUM||NOUN||Masc,Plur,Acc
juno|juno|Junon|||PROPN||Fem,Sing
jusque|jusque|jusque|USQUE||ADP||
l_en|l_en|on|HOMO||PRON||Prs,3,Sing,Nom
la|la|le|ILLE||DET||ArtDef,Fem,Sing
la|la1|le|ILLE||PRON||Prs,3,Fem,Sing,Acc
la|la4|le|ILLE||DET||ArtDef,Masc,Sing
la_qel|la_qel|quel1|QUALIS||PRON||Int,Fem,Sing
laidis|laidis|laidir|*LAIþ||VERB|compTens|Ind,Part,Past,Sing,Masc,MWEs
laisse|laisse|laissier|LAXARE||VERB||Fin,Ind,Pres,Intr,3,Sing
lances|lances|lance|LANCEA||NOUN||Fem,Plur
laquel|laquel|quel1|QUALIS||PRON||Int,Fem,Sing
laseroit|laseroit|laissier|LAXARE||VERB||Fin,Cnd,Pres,Intr,3,Sing
le|le|le|ILLE||DET||ArtDef,Masc,Sing
le|le1|le|ILLE||DET||ArtDef,Masc,Plur
le|le2|le|ILLE||DET||ArtDef,Fem,Sing
le|le3|le|ILLE||DET||ArtDef,Fem,Plur
le|le4|le|ILLE||PRON||Prs,3,Masc,Sing,Acc
le|le5|le|ILLE||PRON||Prs,3,Masc,Plur,Acc
le|le6|le|ILLE||PRON||Prs,3,Neut,Sing,Acc
lendemain|lendemain|lendemain|DE MANE||ADV||Tim
lendemains|lendemains|lendemain|DE MANE||ADV||Tim
lermes|lermes|larme|LACRIMA||NOUN||Fem,Plur
les|les|le|ILLE||DET||ArtDef,Masc,Plur
les|les1|le|ILLE||DET||ArtDef,Fem,Plur
les|les4|le|ILLE||PRON||Prs,3,Masc,Plur,Acc
leu|leu|lieu|LOCUS||NOUN||Masc,Sing,Acc
levees|levees1|lever|LEVARE||VERB|compTens|Ind,Part,Past,Plur,Fem,MWEs
li|li|le|ILLE||DET||ArtDef,Masc,Sing
li|li2|li|ILLE||PRON||Prs,3,Masc,Sing,Acc
li|li3|li|ILLE||PRON||Prs,3,Fem,Sing,Acc
li|li4|li|ILLE||PRON||Prs,3,Masc,Plur,Acc
lierent|lierent|liier3|LIGARE||VERB||Fin,Ind,Past,Act,Trans,3,Plur
lieues|lieues|lieue|LEUCA||NOUN||Fem,Plur
liez|liez|lié1|LAETUS||ADJ||Masc,Sing,Nom
lignajes|lignajes|lignage|LINEA||NOUN||Masc,Sing,Acc
lit|lit1|lit|LECTUS||NOUN||Masc,Sing,Acc
liues|liues|lieue|LEUCA||NOUN||Fem,Plur
lié|lié1|lié1|LAETUS||ADJ||Fem,Sing
liés|liés|lié1|LAETUS||ADJ||Masc,Sing,Nom
loa|loa|löer1|LAUDARE||VERB||Fin,Ind,Past,Act,Trans,3,Sing
loialment|loialment|lëal|LEGALIS||ADV||Man
loing_de|loing_de|loing|LONGE||ADV|Adp|Loc,MWEs
loins|loins|loing|LONGE||ADV||Loc
lonc|lonc|lonc|LONGUS||ADJ||Masc,Sing,Acc
longuement|longuement|longement|LONGUS||ADV||
lor|lor|lor3|ILLE||DET||Poss,Masc,Sing,Nom
lor|lor1|lor3|ILLE||DET||Poss,Masc,Sing,Acc
lor|lor2|lor3|ILLE||DET||Poss,Fem,Sing
lor|lor4|lor2|ILLE||PRON||Prs,3,Plur,Acc
lor|lor5|lor3|ILLE||DET||Poss,Fem,Plur
lor|lor6|lor3|ILLE||DET||Poss,Masc,Plur,Acc
lor|lor7|lor3|ILLE||DET||Poss,Masc,Plur,Nom
loés|loés|löer1|LAUDARE||VERB|compPass|Ind,Part,Past,Sing,Masc,MWEs
loërent|loërent|löer1|LAUDARE||VERB||Fin,Ind,Past,Act,Trans,3,Plur
loëroie|loëroie|löer1|LAUDARE||VERB||Fin,Cnd,Pres,Intr,1,Sing
lui|lui|lui|ILLE||PRON||Prs,3,Sing,Acc
luminaire|luminaire|lulinaire|LUMINARE2||NOUN||Fem,Sing
lune|lune|lune|LUNA||NOUN||Fem,Sing
là|là|là|ILLAC||ADV||Loc
là_où|là_où|là|ILLAC||ADV|Adv|Loc,MWEs
lïés|lïés|liier3|LIGARE||VERB|compPass|Ind,Part,Past,Plur,Masc,MWEs
lïés|lïés1|liier3|LIGARE||VERB||Ind,Part,Past,Plur,Masc
l’|l’|le|ILLE||DET||ArtDef,Masc,Sing
l’|l’1|le|ILLE||DET||ArtDef,Fem,Sing
l’|l’4|le|ILLE||PRON||Prs,3,Fem,Sing,Acc
l’|l’5|le|ILLE||PRON||Prs,3,Masc,Sing,Acc
ma|ma|mon1|MEUS||DET||Poss,Fem,Sing
mai|mai|mai|MAIUS||NOUN||Masc,Sing,Acc
main|main|main2|MANUS||NOUN||Fem,Sing
mainee|mainee|maisniee|MANSIO||NOUN||Fem,Sing
mainiere|mainiere|maniere|MANUARIUS||NOUN||Fem,Sing
maintenant|maintenant|maintenant|MANU TENERE||ADV||Tim
maintes|maintes3|maint|*MANIGIþô-||DET||Ind,Fem,Plur
maisnié|maisnié|maisniee|MANSIO||NOUN||Fem,Sing
maison|maison1|maison|MANSIO||NOUN||Fem,Plur
maitinee|maitinee|matinee|MATUTINUS||NOUN||Fem,Sing
males|males|mal|MALUS||NOUN||Masc,Sing,Nom
mandé|mandé|mander|MANDARE||VERB|compTens|Ind,Part,Past,Sing,Masc,MWEs
mandés|mandés|mander|MANDARE||VERB||Fin,Imp,Pres,Act,Trans,2,Plur
maris|maris|mari|MARITUS||NOUN||Masc,Plur,Acc
martir|martir|martir|MARTYR||NOUN||Masc,Sing,Acc
maumis|maumis1|maumettre|MITTERE||VERB|compTens|Ind,Part,Past,Plur,Masc,MWEs
me|me|moi|ME||PRON||Prs,1,Sing,Acc
me|me2|mais1|MAGIS2||CCONJ||
meillor|meillor5|meillor|MELIOR||ADJ|Noun|Neut,Sing,Nom,Cmp
mena|mena|mener|MINARE||VERB||Fin,Ind,Past,Act,Trans,3,Sing
menee|menee|mener|MINARE||VERB|compTens|Ind,Part,Past,Sing,Fem,MWEs
menees|menees|mener|MINARE||VERB||Fin,Imp,Pres,Act,Trans,2,Plur
menees|menees1|mener|MINARE||VERB||Ind,Part,Past,Sing,Fem
menelaus|menelaus|Ménélas|||PROPN||Masc,Sing,Acc
menelax|menelax|Ménélas|||PROPN||Masc,Sing,Acc
menelax|menelax1|Ménélas|||PROPN||Masc,Sing,Nom
mener|mener|mener|MINARE||VERB||Ind,Inf,Pres,Act,Trans
menoient|menoient|mener|MINARE||VERB||Fin,Ind,Imp,Act,Trans,3,Plur
menoit|menoit|mener|MINARE||VERB||Fin,Ind,Imp,Act,Trans,3,Sing
menue|menue|menu|MINUTUS||ADJ||Fem,Sing
mer|mer|mer|MARE||NOUN||Fem,Sing
mercia|mercia|mercïer|MERCES||VERB||Fin,Ind,Past,Act,Trans,3,Sing
mere|mere|mere|MATER||NOUN||Fem,Sing
mervoille|mervoille|merveille|MIRABILIA||NOUN||Fem,Sing
mervoilleus|mervoilleus|merveillos|MIRABILIA||ADJ||Masc,Sing,Nom
mervoilleuse|mervoilleuse|merveillos|MIRABILIA||ADJ||Fem,Sing
mervoilleusement|mervoilleusement|merveillosement|MIRABILIA||ADV||Man
mes|mes|mais1|MAGIS2||CCONJ||
mesaje|mesaje|message2|MITTERE||NOUN||Masc,Sing,Nom
mesaje|mesaje1|message2|MITTERE||NOUN||Masc,Sing,Acc
metre|metre|metre2|MITTERE||VERB||Ind,Inf,Pres,Act,Trans
metrons|metrons|metre2|MITTERE||VERB||Fin,Ind,Fut,Rfl,1,Plur
meïsmes|meïsmes|mëisme|IPSE||DET||Ind,Masc,Sing,Nom
meïsmes|meïsmes1|mëisme|IPSE||DET||Ind,Masc,Sing,Acc
meïsmes|meïsmes3|mëisme|IPSE||DET||Ind,Neut,Sing,Acc
meïsmes|meïsmes4|mëisme|IPSE||DET||Ind,Fem,Sing
meïsmes|meïsmes6|mëisme|IPSE||DET||Ind,Masc,Plur,Acc
meïsmes|meïsmes9|mëisme|IPSE||DET||Ind,Fem,Plur
meïssent|meïssent|metre2|MITTERE||VERB||Fin,Sub,Imp,Rfl,3,Plur
mie|mie|mie1|MICA||ADV||Neg
miels|miels|mieus|MELIOR||ADV||Cmp
mies|mies|mieus|MELIOR||ADV||Cmp
mil|mil|mil1|MILLE||NUM||Card
miroit|miroit|mirer|MIRARI||VERB||Fin,Ind,Imp,Act,Trans,3,Sing
mis|mis6|metre2|MITTERE||VERB|compTens|Ind,Part,Past,Plur,Masc,MWEs
mise|mise|metre2|MITTERE||VERB|compTens|Ind,Part,Past,Sing,Fem,MWEs
mist|mist|metre2|MITTERE||VERB||Fin,Ind,Past,Act,Trans,3,Sing
mistrent|mistrent|metre2|MITTERE||VERB||Fin,Ind,Past,Rfl,3,Plur
mon|mon1|mon1|MEUS||DET||Poss,Masc,Sing,Acc
monde|monde1|monde1|MUNDUS1||NOUN||Masc,Sing,Acc
monta|monta|monter|*MONTARE||VERB||Fin,Ind,Past,Intr,3,Sing
monterent|monterent|monter|*MONTARE||VERB||Fin,Ind,Past,Intr,3,Plur
morir|morir|morir|MORI||VERB||Ind,Inf,Pres,Intr
mors|mors2|morir|MORI||VERB|compPass|Ind,Part,Past,Plur,Masc,MWEs
mors|mors3|morir|MORI||VERB|Noun|Ind,Part,Past,Plur,Masc
mort|mort|mort|MORS||NOUN||Fem,Sing
morte|morte|morir|MORI||VERB||Ind,Part,Past,Sing,Fem
mortels|mortels1|mortel|MORTALIS||ADJ||Fem,Plur
moult|moult|mout|MULTUS||ADV||
moult_de|moult_de||||||
muoient|muoient|müer|MUTARE||VERB||Fin,Ind,Imp,Act,Trans,3,Plur
m’|m’|moi|ME||PRON||Prs,1,Sing,Acc
nagerent|nagerent|nagier|NAVIGARE||VERB||Fin,Ind,Past,Intr,3,Plur
navie|navie|navie|NAVIGIUM||NOUN||Fem,Sing
navies|navies|navie|NAVIGIUM||NOUN||Fem,Plur
navrés|navrés|navrer|*NAFRA||VERB|compPass|Ind,Part,Past,Plur,Masc,MWEs
ne|ne|ne1|NON||ADV||Neg
nees|nees|naistre|NASCI||VERB|compTens|Ind,Part,Past,Plur,Fem,MWEs
neis|neis|nëis|NEC||ADV||Neg
nen|nen|non|NON||ADV||Neg
nes|nes1|nef2|NAVIS||NOUN||Fem,Plur
nes|nes2|nef2|NAVIS||NOUN||Fem,Sing
nestor|nestor|Nestor|||PROPN||Masc,Sing,Acc
nestor|nestor1|Nestor|||PROPN||Masc,Sing,Nom
ni|ni|ne2|NEC||CCONJ||
noble|noble|noble2|NOBILIS||ADJ||Fem,Sing
noel|noel|noiel|*NODELLUS||NOUN||Masc,Sing,Acc
noiant|noiant1|nïent|*NE GENTEM||NOUN||Neut,Sing,Nom
noif|noif|noif|NIX||NOUN||Fem,Sing
noise|noise|noise|NAUSEA||NOUN||Fem,Sing
non|non|non|NON||ADV||Neg
non|non2|nom|NOMEN||NOUN||Masc,Sing,Acc
norir|norir|norrir|NUTRIRE||VERB||Ind,Inf,Pres,Act,Trans
noriture|noriture|norreture|NUTRITURA||NOUN||Fem,Sing
nos|nos|nos|NOS||PRON||Prs,1,Plur,Nom
nos|nos1|nos|NOS||PRON||Prs,1,Plur,Acc
nos|nos4|nos|NOSTER||DET||Poss,Masc,Plur,Acc
nosses|nosses|noce|NUPTIAE||NOUN||Fem,Plur
nostre|nostre|nostre|NOSTER||DET||Poss,Fem,Sing
nostre|nostre1|nostre|NOSTER||DET||Poss,Masc,Sing,Acc
nostre|nostre2|nostre|NOSTER||DET||Poss,Masc,Sing,Nom
novelle|novelle|novele|NOVELLUS||NOUN||Fem,Sing
novelles|novelles|novele|NOVELLUS||NOUN||Fem,Plur
nuire|nuire|nuire|NOCERE||VERB||Ind,Inf,Pres,Act,Trans
nuit|nuit|nuit|NOX||NOUN||Fem,Sing
nulle|nulle|nul|NULLUS||DET||Ind,Fem,Sing
nuls|nuls1|nul|NULLUS||DET||Ind,Masc,Sing,Acc
n’|n’|ne1|NON||ADV||Neg
n’|n’1|en2|INDE||PRON||
o|o|o4|APUD||ADP||
ocistrent|ocistrent1|ocire|OCCIDERE||VERB||Fin,Ind,Past,Act,Trans,3,Plur
ofroient|ofroient|ofrir|OFFERRE||VERB||Fin,Ind,Imp,Act,Trans,3,Plur
olcir|olcir|ocire|OCCIDERE||VERB||Ind,Inf,Pres,Act,Trans
ont|ont|avoir|HABERE||VERB||Fin,Ind,Pres,Act,Trans,3,Plur
ont|ont1|avoir|HABERE||VERB|auxTens|Fin,Ind,Pres,3,Plur,MWEs
or|or|or4|HORA||ADV||Tim
or|or1|or1|AURUM||NOUN||Masc,Sing,Acc
ordeneement|ordeneement|orderner|ORDINARE||ADV||Man
ore|ore|ore1|AURA||NOUN||Masc,Sing,Nom
ore|ore1|ore3|HORA||NOUN||Fem,Sing
ore|ore2|or4|HORA||ADV||Tim
orent|orent|avoir|HABERE||VERB||Fin,Ind,Past,Act,Trans,3,Plur
orent|orent1|avoir|HABERE||VERB|auxTens|Fin,Ind,Past,3,Plur,MWEs
oster|oster|oster2|OBSTARE||VERB||Ind,Inf,Pres,Act,Trans
ot|ot1|avoir|HABERE||VERB|auxTens|Fin,Ind,Past,3,Sing,MWEs
ot|ot2|avoir|HABERE||VERB||Fin,Ind,Past,Intr,3,Sing
ou|ou|o3|AUT||CCONJ||
oïst|oïst|öir|AUDIRE||VERB||Fin,Sub,Imp,Act,Trans,3,Sing
oïstes|oïstes|öir|AUDIRE||VERB||Fin,Ind,Past,Act,Trans,2,Plur
où|où|où|UBI||PRON||Rel
palefroins|palefroins|palefroi|PARAVEREDUS||NOUN||Masc,Plur,Acc
paor|paor|pëor|PAVOR||NOUN||Fem,Sing
par|par|par|PER||ADP||
paraje|paraje|parage|PAR||NOUN||Masc,Sing,Acc
parche|parche|Parche|||PROPN||Fem,Sing
parches|parches|Parche|||PROPN||Fem,Sing
pardus|pardus|perdre|PERDERE||VERB|compPass|Ind,Part,Past,Sing,Masc,MWEs
parens|parens|parent|PARENS||NOUN||Masc,Sing,Nom
paris|paris|Paris|||PROPN||Masc,Sing,Acc
paris|paris1|Paris|||PROPN||Masc,Sing,Nom
parla|parla|parler|PARABOLARE||VERB||Fin,Ind,Past,Intr,3,Sing
parlant|parlant|parler|PARABOLARE||VERB||Ind,Ger,Pres,Intr
parlement|parlement|parlement|PARABOLARE||NOUN||Masc,Sing,Acc
parler|parler|parler|PARABOLARE||VERB||Ind,Inf,Pres,Intr
parlés|parlés|parler|PARABOLARE||VERB|compTens|Ind,Part,Past,Sing,Masc,MWEs
parmi|parmi|parmi|MEDIUS||ADP||
paroil|paroil|pareil|PARICULUS||ADJ|Noun|Masc,Sing,Nom
paroil|paroil1|pareil|PARICULUS||ADJ||Masc,Plur,Nom
paroules|paroules|parole|PARABOLA||NOUN||Fem,Plur
part|part|part1|PARS||NOUN||Fem,Sing
partie|partie|partie|PARTIRE||NOUN||Fem,Sing
partirent|partirent|partir|PARTIRE||VERB||Fin,Ind,Past,Rfl,3,Plur
partist|partist|partir|PARTIRE||VERB||Fin,Sub,Imp,Intr,3,Sing
pas|pas|pas|PASSUS1||PART||Neg
pasmera|pasmera|pasmer|SPASMUS||VERB||Fin,Ind,Fut,Intr,3,Sing
pasoit|pasoit|passer1|*PASSARE||VERB||Fin,Ind,Imp,Act,Trans,3,Sing
païs|païs|päis|PAGENSIS||NOUN||Masc,Sing,Acc
païs|païs1|päis|PAGENSIS||NOUN||Masc,Sing,Nom
pensee|pensee1|penser|PENSARE||VERB|compTens|Ind,Part,Past,Sing,Masc,MWEs
penser|penser|penser|PENSARE||VERB||Ind,Inf,Pres,Intr
pensés|pensés1|penser|PENSARE||VERB||Fin,Imp,Pres,Intr,2,Plur
pere|pere|pere2|PATER||NOUN||Masc,Sing,Nom
pere|pere1|pere2|PATER||NOUN||Masc,Sing,Acc
perils|perils|peril|PERICULUM||NOUN||Masc,Plur,Acc
pesmés|pesmés1|pesme|PESSIMUS||ADJ||Masc,Sing,Nom,Sup
peüson|peüson|pöoir|POSSE||VERB||Fin,Sub,Pres,Intr,1,Plur
peüssent|peüssent|pöoir|POSSE||VERB|auxMod|Fin,Sub,Imp,3,Plur
peüst|peüst|pöoir|POSSE||VERB|auxMod|Fin,Sub,Imp,3,Sing
pieces|pieces|piece|*PETTIA||NOUN||Fem,Sing
pirre|pirre||||||
pitez|pitez|pitié|PIETAS||NOUN||Fem,Sing
pitiez|pitiez|pitié|PIETAS||NOUN||Fem,Sing
place|place|place|PLATEA||NOUN||Fem,Sing
plaignirent|plaignirent|plaindre|PLANGERE||VERB||Fin,Ind,Past,Intr,3,Plur
plaignoit|plaignoit1|plaindre|PLANGERE||VERB||Fin,Ind,Imp,Act,Trans,3,Sing
plaindre|plaindre|plaindre|PLANGERE||VERB||Ind,Inf,Pres,Rfl
plaint|plaint|plaindre|PLANGERE||VERB||Fin,Ind,Pres,Rfl,3,Sing
plaint|plaint1|plaindre|PLANGERE||VERB||Fin,Ind,Pres,Intr,3,Sing
plesoit|plesoit|plaire|PLACERE||VERB||Fin,Ind,Imp,Intr,3,Sing
pleïst|pleïst|plaire|PLACERE||VERB||Fin,Sub,Imp,Intr,3,Sing
ploines|ploines|plein|PLENUS||ADJ||Fem,Plur
plor|plor|plor|PLORARE||NOUN||Masc,Sing,Acc
plore|plore|plorer|PLORARE||VERB||Fin,Ind,Pres,Intr,3,Sing
plorer|plorer|plorer|PLORARE||VERB||Ind,Part,Pres,Intr
plorerent|plorerent|plorer|PLORARE||VERB||Fin,Ind,Past,Intr,3,Plur
plot|plot|plaire|PLACERE||VERB||Fin,Ind,Past,Intr,3,Sing
plus|plus|plus|PLUS||ADV||
plus_et_plus|plus_et_plus|plus|PLUS||ADV|Adv|MWEs
plusor|plusor|plusor|PLURIORES||DET||Ind,Masc,Plur,Acc
poi_de|poi_de|poi|PAUCUS||ADV|Adv|MWEs
poient|poient1|pöoir|POSSE||VERB|auxMod|Fin,Ind,Imp,3,Plur
poine|poine|peine|POENA||NOUN||Fem,Sing
point|point1|point|PUNCTUM||NOUN||Masc,Sing,Acc
poira|poira1|pöoir|POSSE||VERB||Fin,Ind,Fut,Intr,3,Sing
poirons|poirons|pöoir|POSSE||VERB|auxMod|Fin,Ind,Fut,3,Plur
poiront|poiront|pöoir|POSSE||VERB|auxMod|Fin,Ind,Fut,3,Plur
polidamas|polidamas|Polydamas|||PROPN||Masc,Sing,Nom
pooit|pooit2|pöoir|POSSE||VERB|auxMod|Fin,Ind,Imp,3,Sing
por|por|por2|PRO||ADP||
por_ce|por_ce||||||
por_ce_qe|por_ce_qe|por2|PRO||ADP|SConj |MWEs
por_ce_que|por_ce_que|por2|PRO||ADP|SConj |MWEs
por_ce_q’|por_ce_q’|por2|PRO||ADP|SConj |MWEs
por_quoi|por_quoi|por2|PRO/QUID||ADV||Int
porent|porent1|pöoir|POSSE||VERB|auxMod|Fin,Ind,Past,3,Plur
porions|porions|pöoir|POSSE||VERB|auxMod|Fin,Cnd,Pres,1,Plur
poroie|poroie|pöoir|POSSE||VERB|auxMod|Fin,Cnd,Pres,1,Sing
porquoi|porquoi|por2|PRO/QUID||ADV||Int
porroit|porroit|pöoir|POSSE||VERB|auxMod|Fin,Cnd,Pres,3,Sing
porrons|porrons|pöoir|POSSE||VERB|auxMod|Fin,Ind,Fut,1,Plur
port|port|port|PORTUS||NOUN||Masc,Sing,Acc
porter|porter|porter|PORTARE||VERB||Ind,Inf,Pres,Act,Trans
porterés|porterés|porter|PORTARE||VERB||Fin,Ind,Fut,Act,Trans,2,Plur
portes|portes|porte1|PORTA||NOUN||Fem,Plur
poés|poés|pöoir |POSSE||VERB|auxMod|Fin,Ind,Pres,2,Plur
poïr|poïr|pöoir |POSSE||VERB|Noun|Ind,Inf,Pres
poïsons|poïsons|pöoir|POSSE||VERB|auxMod|Fin,Sub,Pres,1,Plur
predre|predre|prendre|PREHENDERE||VERB||Ind,Inf,Pres,Act,Trans
preignent|preignent|prendre|PREHENDERE||VERB||Fin,Sub,Pres,Act,Trans,3,Plur
premier|premier|premier|PRIMARIUS||ADJ||Masc,Sing,Acc
premierement|premierement|premierement|PRIMARIUS||ADV||
prenderons|prenderons|prendre|PREHENDERE||VERB||Fin,Ind,Fut,Act,Trans,1,Plur
prenderés|prenderés|prendre|PREHENDERE||VERB||Fin,Ind,Fut,Act,Trans,2,Plur
prendra|prendra|prendre|PREHENDERE||VERB||Fin,Ind,Fut,Act,Trans,1,Sing
prendre|prendre|prendre|PREHENDERE||VERB||Ind,Inf,Pres,Act,Trans
prenoient|prenoient|prendre|PREHENDERE||VERB||Fin,Ind,Imp,Act,Trans,3,Plur
present|present|present2|PRAESENTARE||NOUN||Masc,Sing,Acc
presenta|presenta|presenter|PRAESENTARE||VERB||Fin,Ind,Past,Act,Trans,3,Sing
presenter|presenter|presenter|PRAESENTARE||VERB||Ind,Inf,Pres,Act,Trans
presoniers|presoniers|prisonier|PREHENSIO||NOUN||Masc,Plur,Acc
preus|preus1|pro|PRODE||ADJ||Masc,Plur,Nom
pri|pri|priier|PRECARI||VERB||Fin,Ind,Pres,Act,Trans,1,Sing
pria|pria|priier|PRECARI||VERB||Fin,Ind,Past,Act,Trans,3,Sing
priant|priant|Priam|||PROPN||Masc,Sing,Nom
priant|priant1|Priam|||PROPN||Masc,Sing,Acc
print|print|prendre|PREHENDERE||VERB||Fin,Ind,Past,Act,Trans,3,Sing
prioient|prioient|priier|PRECARI||VERB||Fin,Ind,Imp,Act,Trans,3,Plur
pris|pris|prix|PRETIUM||NOUN||Masc,Sing,Acc
pris|pris1|prendre|PREHENDERE||VERB|compTens|Ind,Part,Past,Sing,Masc,MWEs
pris|pris4|prendre|PREHENDERE||VERB||Ind,Part,Past,Plur,Masc
pris|pris5|prix|PRETIUM||NOUN||Masc,Sing,Nom
pris|pris6|prendre|PREHENDERE||VERB|compPass|Ind,Part,Past,Plur,Masc,MWEs
prise|prise|prendre|PREHENDERE||VERB|compPass|Ind,Part,Past,Sing,Fem,MWEs
prise|prise2|prendre|PREHENDERE||VERB||Ind,Part,Past,Sing,Fem
priserent|priserent|prendre|PREHENDERE||VERB||Fin,Ind,Past,Act,Trans,3,Plur
prises|prises|prendre|PREHENDERE||VERB||Ind,Part,Past,Plur,Fem
prisoniers|prisoniers|prisonier|PREHENSIO||NOUN||Masc,Plur,Acc
prisons|prisons|prison|PREHENSIO||NOUN||Masc,Plur,Acc
prist|prist|prendre|PREHENDERE||VERB||Fin,Ind,Past,Act,Trans,3,Sing
pristrent|pristrent|prendre|PREHENDERE||VERB||Fin,Ind,Past,Act,Trans,3,Plur
prochaine|prochaine|prochain|*PROPEANUS||ADJ||Fem,Sing
proie|proie|proie|PRAEDA||NOUN||Fem,Sing
promet|promet|promettre|PROMITTERE||VERB||Fin,Ind,Pres,Intr,1,Sing
près|près|près|PRESSE||ADV||Loc
près_de|près_de|près|PRESSE||ADP|Adp|MWEs
pueple|pueple|pueple|POPULUS1||NOUN||Masc,Sing,Nom
pueple|pueple1|pueple|POPULUS1||NOUN||Masc,Plur,Nom
puis|puis|puis|POSTEA||ADV||Tim
puis|puis1|pöoir|POSSE||VERB||Fin,Ind,Pres,Intr,1,Sing
puis_aprés|puis_aprés|après|AD PRESSUM||ADV|Adv|Tim,MWEs
puis_qe|puis_qe|puis|POSTEA||ADV|SConj |Tim,MWEs
puis_qe|puis_qe1|plus|PLUS||ADV|Adv|MWEs
puis_q’|puis_q’|plus|POSTEA||ADV|SConj |Tim,MWEs
puissant|puissant|poissant|POSSE||ADJ||Masc,Sing,Nom
puissiés|puissiés|pöoir|POSSE||VERB|auxMod|Fin,Sub,Pres,2,Plur
qant|qant|cant1|QUANDO||SCONJ||
qantité|qantité|cantité|QUANTITAS||NOUN||Fem,Sing
qe|qe|queque|QUID||PRON||Rel,Nom
qe|qe1|queque|QUID||PRON||Rel,Acc
qe|qe2|queque|QUID||DET||Int
qe|qe3|queque|QUID||SCONJ||
qe|qe4|queque|QUID||PRON||Int,Neut,Sing,Acc
qel|qel|quel1|QUALIS||DET||Int,Fem,Sing
qel|qel3|quel1|QUALIS||DET||Exc,Masc,Sing,Acc
qels|qels||||||
qerre|qerre|querre|QUAERERE||VERB||Ind,Inf,Pres,Act,Trans
qi|qi|qui|QUI||PRON||Rel,Nom
qi|qi1|queque|QUID||SCONJ||
qi|qi2|qui|QUI||PRON||Rel,Acc
qi|qi4|qui|QUI||PRON||Int,Sing,Nom
qi|qi5|qui|QUI||PRON||Int,Acc
qoi|qoi|coi2|QUID||PRON||Rel,Acc
qoie|qoie|coi1|QUIETUS||ADJ||Fem,Sing
quant|quant|cant1|QUANDO||SCONJ||
que|que|queque|QUID||SCONJ||
qui|qui|qui|QUI||PRON||Rel,Nom
qu’|qu’|queque|QUID||PRON||Rel,Acc
q’|q’|queque|QUID||PRON||Rel,Acc
q’|q’1|queque|QUID||SCONJ||
q’|q’2|queque|QUID||PRON||Rel,Nom
raison|raison|raison|RATIO||NOUN||Fem,Sing
raisons|raisons|raison|RATIO||NOUN||Fem,Plur
ramenceüe|ramenceüe|ramentevoir|MENTE HABERE||VERB|compPass|Ind,Part,Past,Sing,Fem,MWEs
receve|receve|recevoir|RECIPERE||VERB||Fin,Ind,Past,Act,Trans,3,Sing
receüz|receüz1|recevoir|RECIPERE||VERB|compTens|Ind,Part,Past,Sing,Masc,MWEs
recoillir|recoillir|recoillir|COLLIGERE||VERB||Ind,Inf,Pres,Act,Trans
recoillirent|recoillirent|recoillir|COLLIGERE||VERB||Fin,Ind,Past,Rfl,3,Plur
recoillis|recoillis1|recoillir|COLLIGERE||VERB|compPass|Ind,Part,Past,Plur,Masc,MWEs
reconforta|reconforta|reconforter|CONFORTARE||VERB||Fin,Ind,Past,Act,Trans,3,Sing
reconfortast|reconfortast|reconforter|CONFORTARE||VERB||Fin,Sub,Imp,Rfl,3,Sing
reconforte|reconforte|reconforter|CONFORTARE||VERB||Fin,Ind,Pres,Rfl,3,Sing
reconfortee|reconfortee|reconforter|CONFORTARE||VERB|compTens|Ind,Part,Past,Sing,Fem,MWEs
reconforter|reconforter|reconforter|CONFORTARE||VERB||Ind,Inf,Pres,Act,Trans
reconfortoit|reconfortoit|reconforter|CONFORTARE||VERB||Fin,Ind,Imp,Act,Trans,3,Sing
reconforté|reconforté|reconforter|CONFORTARE||VERB||Fin,Imp,Pres,Rfl,2,Plur
regarda|regarda|regarder|*WARDôN||VERB||Fin,Ind,Past,Act,Trans,3,Sing
regardant|regardant|regarder|*WARDôN||VERB||Ind,Ger,Pres,Act,Trans
regarderent|regarderent1|regarder|*WARDôN||VERB||Fin,Ind,Past,Rfl,3,Plur
regart|regart|regart|*WARDôN||NOUN||Masc,Sing,Acc
regretoit|regretoit|regreter|GRATA||VERB||Fin,Ind,Imp,Act,Trans,3,Sing
reigne|reigne|regne|REGNUM||NOUN||Masc,Sing,Acc
remandront|remandront|remaindre|REMANERE||VERB||Fin,Ind,Fut,Intr,3,Plur
remestrent|remestrent|remaindre|REMANERE||VERB||Fin,Ind,Past,Intr,3,Plur
rendre|rendre|rendre|REDDERE||VERB||Ind,Inf,Pres,Act,Trans
renomee|renomee|renomee|NOMINARE||NOUN||Fem,Sing
rent|rent1|rendre|REDDERE||VERB||Fin,Ind,Pres,Act,Trans,3,Sing
repairoient|repairoient|repairier|REPATRIARE||VERB||Fin,Ind,Imp,Intr,3,Plur
repairés|repairés1|repairier|REPATRIARE||VERB|compTens|Ind,Part,Past,Plur,Masc,MWEs
reparoient|reparoient|repairier|REPATRIARE||VERB||Fin,Ind,Imp,Intr,3,Plur
repouserent|repouserent|reposer|REPAUSARE||VERB||Fin,Ind,Past,Rfl,3,Plur
reqier|reqier|requerre|REQUIRERE||VERB||Fin,Ind,Pres,Act,Trans,1,Sing
resenbloit|resenbloit|resembler|SIMILARE||VERB||Fin,Ind,Imp,Intr,3,Sing
respondi|respondi|respondre1|RESPONDERE||VERB||Fin,Ind,Past,Intr,3,Sing
respondirent|respondirent|respondre1|RESPONDERE||VERB||Fin,Ind,Past,Intr,3,Plur
respons|respons|respons|RESPONDERE||NOUN||Masc,Sing,Acc
retorna|retorna|retorner|TORNARE||VERB||Fin,Ind,Past,Intr,3,Sing
retornerent|retornerent|retorner|TORNARE||VERB||Fin,Ind,Past,Intr,3,Plur
retornerent|retornerent1|retorner|TORNARE||VERB||Fin,Ind,Past,Rfl,3,Plur
riche|riche|riche|RîKI||ADJ||Fem,Sing
riche|riche2|riche|RîKI||ADJ||Masc,Sing,Nom
riche|riche3|riche|RîKI||ADJ||Masc,Sing,Acc
riches|riches|riche|RîKI||ADJ||Fem,Plur
riches|riches2|riche|RîKI||ADJ||Masc,Plur,Acc
richesse|richesse|richece|RîKI||NOUN||Fem,Sing
richesses|richesses|richece|RîKI||NOUN||Fem,Plur
richez|richez|riche|RîKI||ADJ||Masc,Plur,Acc
rienz|rienz|rien|RES||PRON||Ind,Neut,Sing,Acc
rienz|rienz2|rien|RES||NOUN||Fem,Plur
roberent|roberent|rober|*RAUBôN ||VERB||Fin,Ind,Past,Act,Trans,3,Plur
robés|robés|rober|*RAUBôN ||VERB|compTens|Ind,Part,Past,Sing,Masc,MWEs
roi|roi|roi|REX||NOUN||Masc,Sing,Nom
roi|roi1|roi|REX||NOUN||Masc,Sing,Acc
roine|roine|röine1|REGINA||NOUN||Fem,Sing
rois|rois|roi|REX||NOUN||Masc,Sing,Acc
rois|rois3|roi|REX||NOUN||Masc,Sing,Nom
roiz|roiz|roi|REX||PROPN||Masc,Plur,Acc
rot|rot|rompre|RUMPERE||VERB|compPass|Ind,Part,Past,Sing,Masc,MWEs
roube|roube|robe|*RAUBA||NOUN||Fem,Sing
rouberent|rouberent|rober|*RAUBôN||VERB||Fin,Ind,Past,Act,Trans,3,Plur
roubés|roubés1|rober|*RAUBôN||VERB|compPass|Ind,Part,Past,Sing,Masc,MWEs
roubés|roubés2|rober|*RAUBôN||VERB|compTens|Ind,Part,Past,Sing,Masc,MWEs
roïne|roïne|röine1|REGINA||NOUN||Fem,Sing
rues|rues|rüe2|RUGA||NOUN||Fem,Plur
sa|sa|suen|SUUS||DET||Poss,Fem,Sing
sa|sa2|ça|HAC||ADV||Loc
sache|sache1|savoir|SAPERE||VERB||Fin,Sub,Pres,Act,Trans,3,Sing
sacrefia|sacrefia|sacrefiier|SACRIFICARE||VERB||Fin,Ind,Past,Act,Trans,3,Sing
sacrefice|sacrefice|sacrefise|SACRIFICIUM||NOUN||Masc,Sing,Acc
sacrefier|sacrefier|sacrefiier|SACRIFICARE||VERB||Ind,Inf,Pres,Intr
sai|sai|savoir|SAPERE||VERB||Fin,Ind,Pres,Act,Trans,1,Sing
saje|saje|sage|SAPIDUS||ADJ||Masc,Sing,Nom
saje|saje3|sage|SAPIDUS||ADJ||Fem,Sing
sans|sans|sans|SINE||ADP||
sanz|sanz|sans|SINE||ADP||
sauver|sauver|sauver|SALVARE||VERB||Ind,Inf,Pres,Act,Trans
savoir|savoir|savoir|SAPERE||VERB|Noun|Ind,Inf,Pres
savoir|savoir1|savoir|SAPERE||VERB||Ind,Inf,Pres,Act,Trans
savoit|savoit1|savoir|SAPERE||VERB||Fin,Ind,Imp,Act,Trans,3,Sing
savront|savront1|savoir|SAPERE||VERB|auxMod|Fin,Ind,Fut,3,Plur
scandoiles|scandoiles|chandoile|CANDELA||NOUN||Fem,Plur
scriture|scriture|escriture|SCRIPTURA||NOUN||Fem,Sing
se|se|soi|SE||PRON||Prs,3,Sing,Acc
se|se1|soi|SE||PRON||Prs,3,Plur,Acc
se|se2|se|SI||SCONJ||
se|se4|ce1|HOC||PRON||Dem,Neut,Sing,Acc
secors|secors|secors|SUCCURRERE||NOUN||Masc,Sing,Acc
seignor|seignor|seignor|SENIOR||NOUN||Masc,Sing,Acc
seignorie|seignorie|seignorie|SENIOR||NOUN||Fem,Sing
seignors|seignors|seignor|SENIOR||NOUN||Masc,Plur,Nom
selonc|selonc|selonc|SECUNDUS||ADP||
selonc_q’|selonc_q’||||||
semble|semble|sembler|SIMILARE||VERB||Fin,Ind,Pres,Intr,3,Sing
senblant|senblant|semblant|SIMILARE||NOUN||Masc,Sing,Acc
senblast|senblast|sembler|SIMILARE||VERB||Fin,Sub,Imp,Intr,3,Sing
sens|sens1|sens|SENSUS||NOUN||Masc,Sing,Nom
sera|sera|estre1|ESSE||VERB||Fin,Ind,Fut,Intr,3,Sing
sera|sera1|estre1|ESSE||VERB|auxPass|Fin,Ind,Fut,3,Sing,MWEs
sera|sera3|estre1|ESSE||VERB|auxCop|Fin,Ind,Fut,3,Sing
sereor|sereor|seror|SOROR||NOUN||Fem,Plur
serin|serin|serein|SERENUS||ADJ||Masc,Sing,Nom
serins|serins|serein|SERENUS||ADJ||Masc,Sing,Nom
seroit|seroit|estre1|ESSE||VERB|auxPass|Fin,Cnd,Pres,3,Sing,MWEs
seroit|seroit1|estre1|ESSE||VERB|auxCop|Fin,Cnd,Pres,3,Sing
serors|serors|seror|SOROR||NOUN||Fem,Plur
seroumes|seroumes|estre1|ESSE||VERB|auxPass|Fin,Cnd,Pres,1,Plur,MWEs
seroumes|seroumes1|estre1|ESSE||VERB|auxCop|Fin,Ind,Fut,Intr,1,Plur
servaje|servaje|servage|SERVUS||NOUN||Masc,Sing,Acc
servie|servie|servir|SERVIRE||VERB|compPass|Ind,Part,Past,Sing,Fem,MWEs
servir|servir|servir|SERVIRE||VERB||Ind,Inf,Pres,Act,Trans
serviront|serviront|servir|SERVIRE||VERB||Fin,Ind,Fut,Act,Trans,3,Plur
serés|serés1|estre1|ESSE||VERB|auxPass|Fin,Ind,Fut,2,Plur,MWEs
ses|ses|suen|SUUS||DET||Poss,Masc,Plur,Nom
ses|ses1|suen|SUUS||DET||Poss,Masc,Plur,Acc
ses|ses2|suen|SUUS||DET||Poss,Fem,Plur
set|set|savoir|SAPERE||VERB||Fin,Ind,Pres,Intr,3,Sing
set|set1|set|SEPTEM||NUM||Card
seul|seul1|sol1|SOLUS||ADJ||Masc,Sing,Nom
seulement|seulement|solement|SOLUS||ADV||
seürs|seürs|sëur2|SECURUS||ADJ||Masc,Plur,Nom
seüssent|seüssent|savoir|SAPERE||VERB||Fin,Sub,Imp,Intr,3,Plur
si|si|si|SIC||ADV||
si_com|si_com|si|SIC||ADV|SConj |MWEs
si_come|si_come|si|SIC||ADV|SConj |MWEs
sien|sien|suen|SUUS||DET||Poss,Masc,Sing,Acc
siens|siens1|suen|SUUS||PRON||Poss,Masc,Plur,Acc
siglerent|siglerent|sigler|CINGLER2||VERB||Fin,Ind,Past,Intr,3,Plur
siglés|siglés|sigler|CINGLER2||VERB|compTens|Ind,Part,Past,Sing,Masc,MWEs
signe|signe|signe1|SIGNUM||NOUN||Masc,Sing,Acc
sinple|sinple|simple|SIMPLEX||ADJ||Fem,Sing
sire|sire|seignor|SENIOR||NOUN||Masc,Sing,Nom
sis|sis|sis2|SEX||NUM||Card
soi|soi|soi1|SE||PRON||Prs,3,Acc
soie|soie|soie3|SAETA||NOUN||Fem,Sing
soir|soir|soir|SERO||NOUN||Masc,Sing,Nom
soit|soit|estre1|ESSE||VERB||Fin,Sub,Pres,Intr,3,Sing
soit|soit2|estre1|ESSE||VERB|auxPass|Fin,Sub,Pres,3,Sing,MWEs
soleil|soleil|soleil|SOL||NOUN||Masc,Sing,Acc
soleil|soleil1|soleil|SOL||NOUN||Masc,Sing,Nom
son|son|suen|SUUS||DET||Poss,Masc,Sing,Nom
son|son1|suen|SUUS||DET||Poss,Masc,Sing,Acc
son|son3|son3|SONUS||NOUN||Masc,Sing,Acc
sonerent|sonerent|soner|SONARE||VERB||Fin,Ind,Past,Act,Trans,3,Plur
songnantaje|songnantaje|soignantage|*SUNNI||NOUN||Masc,Sing,Acc
sons|sons|son3|SONUS||NOUN||Masc,Sing,Acc
sont|sont2|estre1|ESSE||VERB|auxPass|Fin,Ind,Pres,3,Plur,MWEs
sor|sor|sor2|SUPER||ADP||
sordra|sordra|sordre|SURGERE||VERB||Fin,Ind,Fut,Intr,3,Sing
sorent|sorent|savoir|SAPERE||VERB|auxMod|Fin,Ind,Past,3,Plur
sot|sot|savoir|SAPERE||VERB||Fin,Ind,Past,Act,Trans,3,Sing
sot|sot1|savoir|SAPERE||VERB||Fin,Ind,Past,Intr,3,Sing
soudainement|soudainement|sodain|SUBITANEUS||ADV||Tim
soulas|soulas|solaz|SOLACIUM||NOUN||Masc,Sing,Acc
soulaz|soulaz|solaz|SOLACIUM||NOUN||Masc,Sing,Acc
soumes|soumes|estre1|ESSE||VERB||Fin,Ind,Pres,Intr,1,Plur
soumes|soumes1|estre1|ESSE||VERB|auxTens|Fin,Ind,Pres,1,Plur,MWEs
souper|souper|soper|*SUPPA||VERB||Ind,Inf,Pres,Intr
sovent|sovent|sovent|SUBINDE||ADV||
soëf|soëf|söef|SUAVIS||ADJ||Masc,Sing,Nom
soëf|soëf1|söef|SUAVIS||ADJ||Fem,Sing
soïés|soïés|estre1|ESSE||VERB|auxCop|Fin,Sub,Pres,2,Plur
suor|suor|seror|SOROR||NOUN||Fem,Sing
sus|sus|sus|SURSUM||ADV||Loc
s’|s’|soi|SE||PRON||Prs,3,Sing,Acc
s’|s’1|soi|SE||PRON||Prs,3,Plur,Acc
talemon|talemon|Talemon|||PROPN||Masc,Sing,Nom
talent|talent|talent|TALENTUM||NOUN||Masc,Sing,Acc
tan_tost|tan_tost|tantost|TANTUS||ADV||Tim
tant|tant|tant|TANTUS||ADV||
tant_com|tant_com|tant|TANTUS||ADV|Adv|MWEs
tant_de|tant_de|tant|TANTUS||ADV|Adv|MWEs
tantes|tantes|tant|TANTUS||DET||Ind,Fem,Plur
tel|tel|tel|TALIS||PRON||Ind,Masc,Sing,Nom
tel|tel1|tel|TALIS||DET||Ind,Masc,Sing,Nom
tel|tel2|tel|TALIS||DET||Ind,Masc,Sing,Acc
tel|tel6|tel|TALIS||DET||Ind,Fem,Sing
tel|tel7|tel|TALIS||DET||Ind,Fem,Plur
tel|tel8|tel|TALIS||DET||Ind,Masc,Plur,Acc
tels|tels|tel|TALIS||PRON||Ind,Fem,Plur
temple|temple1|temple3|TEMPLUM||NOUN||Masc,Sing,Acc
tenoit|tenoit|tenir1|TENERE||VERB||Fin,Ind,Imp,Act,Trans,3,Sing
tenple|tenple|temple3|TEMPLUM||NOUN||Masc,Sing,Nom
tenple|tenple1|temple3|TEMPLUM||NOUN||Masc,Sing,Acc
tenples|tenples|temple3|TEMPLUM||NOUN||Masc,Plur,Acc
tens|tens|tens|TEMPS1||NOUN||Masc,Sing,Nom
tenue|tenue2|tenir1|TENERE||VERB|compTens|Ind,Part,Past,Sing,Fem,MWEs
tenz|tenz|tens|TEMPS1||NOUN||Masc,Sing,Acc
tenz|tenz1|tens|TEMPS1||NOUN||Masc,Sing,Nom
terme|terme1|terme|TERMINUS||NOUN||Masc,Sing,Nom
terre|terre|terre|TERRA||NOUN||Fem,Sing
teu|teu1|tel|TALIS||DET||Ind,Masc,Sing,Acc
tieng|tieng|tenir1|TENERE||VERB||Fin,Ind,Pres,Act,Trans,1,Sing
tient|tient|tenir1|TENERE||VERB||Fin,Ind,Pres,Act,Trans,3,Sing
tient|tient1|tenir1|TENERE||VERB||Fin,Ind,Pres,Rfl,3,Sing
tint|tint|tenir1|TENERE||VERB||Fin,Ind,Past,Act,Trans,3,Sing
toi|toi|toi|TE||PRON||Prs,2,Sing,Acc
tollue|tollue|tolir|TOLLERE||VERB|compTens|Ind,Part,Past,Sing,Fem,MWEs
tollue|tollue1|tolir|TOLLERE||VERB|compPass|Ind,Part,Past,Sing,Fem,MWEs
tonant|tonant|toner|TONARE||VERB|Adj|Ind,Part,Pres
tor|tor|tor2|TURRIS||NOUN||Fem,Sing
torna|torna1|torner|TORNARE||VERB||Fin,Ind,Past,Intr,3,Sing
torner|torner|torner|TORNARE||VERB||Ind,Inf,Pres,Intr
tornoient|tornoient|torner|TORNARE||VERB||Fin,Ind,Imp,Intr,3,Plur
tort|tort|tort2|TORQUERE||NOUN||Masc,Sing,Acc
tos|tos1|tot|TOTUS||DET||Ind,Masc,Plur,Acc
tos|tos2|tot|TOTUS||DET||Ind,Masc,Sing,Acc
tos|tos4|tot|TOTUS||PRON||Ind,Masc,Plur,Nom
tos|tos5|tot|TOTUS||PRON||Ind,Masc,Plur,Acc
tos|tos7|tot|TOTUS||DET||Ind,Masc,Plur,Nom
tost|tost|tost|TOSTUS||ADV||
tot|tot|tot|TOTUS||DET||Ind,Masc,Sing,Nom
tot|tot1|tot|TOTUS||DET||Ind,Masc,Plur,Acc
tot|tot3|tot|TOTUS||DET||Ind,Masc,Sing,Acc
tot|tot5|tot|TOTUS||DET||Ind,Masc,Plur,Nom
tot|tot7|tot|TOTUS||DET||Ind,Fem,Sing
tot_ce|tot_ce|tot|TOTUS||PRON|Pron|Ind,Neut,Sing,Nom,MWEs
tot_ce|tot_ce1|tot|TOTUS||DET|Pron|Ind,Neut,Sing,Acc,MWEs
tot_ce_qe|tot_ce_qe|tot|TOTUS||DET|SConj |Ind,Neut,Sing,MWEs
tot_ensi_com|tot_ensi_com||||||
tot_maintenan|tot_maintenan|maintenant|MANU TENERE||ADV|Adv|Tim,MWEs
tot_maintenant|tot_maintenant|maintenant|MANU TENERE||ADV|Adv|Tim,MWEs
tot_maintenant_q’|tot_maintenant_q’|maintenant|MANU TENERE||ADV|SConj |Tim,MWEs
tout_ausi|tout_ausi||||||
toute|toute|tot|TOTUS||DET||Ind,Fem,Sing
toutes|toutes|tot|TOTUS||DET||Ind,Fem,Plur
traites|traites|traire|TRAHERE||VERB||Ind,Part,Past,Plur,Fem
traïst|traïst|traire|TRAHERE||VERB||Fin,Ind,Past,Act,Trans,3,Sing
trebuchier|trebuchier|trebuchier|BUK||VERB||Ind,Inf,Pres,Intr
trenbloient|trenbloient|trembler|*TREMULARE||VERB||Fin,Ind,Imp,Intr,3,Plur
tresor|tresor|tresor|THESAURUS||NOUN||Masc,Sing,Acc
tristes|tristes|triste|TRISTIS||ADJ||Masc,Plur,Nom
tristes|tristes1|triste|TRISTIS||ADJ||Masc,Sing,Nom
tristor|tristor|tristor|TRISTIS||NOUN||Fem,Sing
troie|troie|Troie|||PROPN||Fem,Sing
troiene|troiene|troyen|TROJANUS||ADJ||Fem,Sing
troiens|troiens|troyen|TROJANUS||ADJ|Noun|Masc,Plur,Nom
troienz|troienz1|troyen|TROJANUS||ADJ|Noun|Masc,Plur,Acc
troienz|troienz2|troyen|TROJANUS||ADJ|Noun|Masc,Plur,Nom
troiez|troiez|troyen|TROJANUS||ADJ|Noun|Masc,Plur,Nom
trois|trois|trois1|TRES||NUM||Ord
trop|trop|trop|THORP||ADV||
trover|trover|trover|*TROPARE||VERB||Ind,Inf,Pres,Act,Trans
troverent|troverent|trover|*TROPARE||VERB||Fin,Ind,Past,Act,Trans,3,Plur
très_plaisans|très_plaisans|plaire|PLACERE||VERB|Adj|Ind,Part,Pres
tuer|tuer|tüer|TUTARI||VERB||Ind,Inf,Pres,Rfl
un|un|un|UNUS||DET||ArtIndef,Masc,Sing
un|un1|un|UNUS||DET||ArtIndef,Fem,Sing
un|un2|un|UNUS||PRON||Ind,Masc,Sing,Nom
un_poi|un_poi||||||
une|une|un|UNUS||DET||ArtIndef,Fem,Sing
une|une1|un|UNUS||PRON||Ind,Fem,Sing
une_fois|une_fois||||||
vaillant|vaillant|valoir|VALERE||VERB|Adj|Ind,Part,Pres
vaincre|vaincre|veintre|VINCERE||VERB||Ind,Inf,Pres,Act,Trans
vait|vait|tresaler|AMBULARE||VERB||Fin,Ind,Pres,Intr,3,Sing
valor|valor|valor|VALOR||NOUN||Fem,Sing
veillerent|veillerent|veillier2|VIGILARE||VERB||Fin,Ind,Past,Intr,3,Plur
veira|veira|vëoir|VIDERE||VERB||Fin,Ind,Fut,Act,Trans,3,Sing
veirés|veirés|vëoir|VIDERE||VERB||Fin,Ind,Fut,Act,Trans,2,Plur
vencoit|vencoit|venter|VENTUS||VERB||Fin,Ind,Imp,Intr,3,Sing
vengiance|vengiance|venjance|VINDICARE||NOUN||Fem,Sing
venir|venir|venir|VENIRE||VERB||Ind,Inf,Pres,Intr
venist|venist|venir|VENIRE||VERB||Fin,Ind,Past,Intr,3,Sing
venoient|venoient|venir|VENIRE||VERB||Fin,Ind,Imp,Intr,3,Plur
venoit|venoit|venir|VENIRE||VERB||Fin,Ind,Imp,Intr,3,Sing
vent|vent|vent|VENTUS||NOUN||Masc,Sing,Acc
vent|vent1|vent|VENTUS||NOUN||Masc,Sing,Nom
venue|venue|venüe|VENIRE||NOUN||Fem,Sing
venus|venus|venir|VENIRE||VERB|compTens|Ind,Part,Past,Sing,Masc,MWEs
venus|venus1|venir|VENIRE||VERB|compTens|Ind,Part,Past,Plur,Masc,MWEs
veoient|veoient|vëoir|VIDERE||VERB||Fin,Ind,Imp,Intr,3,Plur
veoir|veoir|vëoir|VIDERE||VERB||Ind,Inf,Pres,Act,Trans
veoit|veoit|vëoir|VIDERE||VERB||Fin,Ind,Imp,Act,Trans,3,Sing
veraiement|veraiement|veraiement|*VERACUS||ADV||Man
vereois|vereois|vëoir|VIDERE||VERB||Fin,Ind,Fut,Act,Trans,2,Plur
verité|verité|verité|VERITAS||NOUN||Fem,Sing
vermoils|vermoils|vermeil1|VERMICULUS||ADJ||Masc,Plur,Nom
verrois|verrois|vëoir|VIDERE||VERB||Fin,Ind,Fut,Act,Trans,2,Plur
vers|vers|vers2|VERSUS1||ADP||
vesteüres|vesteüres|vestëure|VESTIRE||NOUN||Fem,Plur
veés|veés|vëoir|VIDERE||VERB||Fin,Ind,Pres,Intr,2,Plur
veïstes|veïstes|vëoir|VIDERE||VERB||Fin,Ind,Past,Act,Trans,2,Plur
veü|veü|vëoir|VIDERE||VERB|compTens|Ind,Part,Past,Sing,Masc,MWEs
veüe|veüe|vëoir|VIDERE||VERB|compTens|Ind,Part,Past,Sing,Fem,MWEs
veües|veües|vëoir|VIDERE||VERB|compPass|Ind,Part,Past,Sing,Fem,MWEs
victoire|victoire|victoire|VICTORIA||NOUN||Fem,Sing
vie|vie|vie1|VITA||NOUN||Fem,Sing
vient|vient|venir|VENIRE||VERB||Fin,Ind,Pres,Intr,3,Sing
viii|viii||||||
ville|ville|vile|VILLA||NOUN||Fem,Sing
vindrent|vindrent|venir|VENIRE||VERB||Fin,Ind,Past,Intr,3,Plur
vint|vint|venir|VENIRE||VERB||Fin,Ind,Past,Intr,3,Sing
virent|virent|vëoir|VIDERE||VERB||Fin,Ind,Past,Act,Trans,3,Plur
vis|vis|vis|VISUS2||NOUN||Masc,Sing,Acc
vit|vit|vëoir|VIDERE||VERB||Fin,Ind,Past,Act,Trans,3,Sing
vivant|vivant|vivre1|VIVERE||VERB|Adj|Ind,Part,Pres
vivant|vivant1|vivre1|VIVERE||VERB|Noun|Ind,Part,Pres
vo|vo1|vo|VOTUM||NOUN||Masc,Sing,Acc
voi|voi|vëoir|VIDERE||VERB||Fin,Ind,Pres,Act,Trans,1,Sing
voie|voie|voie|VIA||NOUN||Fem,Sing
voient|voient|vëoir|VIDERE||VERB||Fin,Ind,Pres,Act,Trans,3,Plur
voilles|voilles|voile2|VELUM2||NOUN||Fem,Plur
voirement|voirement|voirement|VERUS||ADV||Man
vois|vois1|voiz|VOX||NOUN||Fem,Sing
voit|voit|vëoir|VIDERE||VERB||Fin,Ind,Pres,Act,Trans,3,Sing
voloir|voloir|voloir|VELLE||VERB|Noun|Ind,Inf,Pres
voloit|voloit|voloir|VELLE||VERB||Fin,Ind,Imp,Act,Trans,3,Sing
voloit|voloit1|voloir|VELLE||VERB|auxMod|Fin,Ind,Imp,3,Sing
volonté|volonté|volenté|VOLUNTAS||NOUN||Fem,Sing
volontés|volontés1|volenté|VOLUNTAS||NOUN||Fem,Sing
volés|volés|voloir|VELLE||VERB|auxMod|Fin,Ind,Pres,2,Plur
vorront|vorront|voloir|VELLE||VERB|auxMod|Fin,Ind,Fut,3,Plur
vos|vos|vos|VOS||PRON||Prs,2,Plur,Acc
vos|vos1|vos|VOS||PRON||Prs,2,Plur,Nom
vostre|vostre|vostre|VESTER||DET||Poss,Masc,Sing,Nom
vostre|vostre1|vostre|VESTER||DET||Poss,Masc,Sing,Acc
vostre|vostre2|vostre|VESTER||DET||Poss,Fem,Sing
vostre|vostre3|vostre|VESTER||DET||Poss,Fem,Plur
vostre|vostre7|vostre|VESTER||DET||Poss,Masc,Plur,Acc
vostrent|vostrent1|voloir|VELLE||VERB||Fin,Ind,Past,Act,Trans,3,Plur
voudront|voudront|voloir|VELLE||VERB|auxMod|Fin,Ind,Fut,3,Plur
vuoil|vuoil|voloir|VELLE||VERB|auxMod|Fin,Ind,Pres,1,Sing
·l|·l|il|ILLE||PRON||Prs,3,Plur,Nom
·s|·s|soi|SE||PRON||Prs,3,Plur,Acc
·ulle|·ulle|nul|NULLUS||ADJ||Fem,Sing
à|à|a3|AD||ADP||
à_cele_fois|à_cele_fois|fois|VICES||NOUN|Adv|Fem,Sing
à_celee|à_celee|celee1|CELARE||NOUN|Adv|Fem,Sing
à_l_encontre|à_l_encontre|encontre2|CONTRA||NOUN|Adv|Fem,Sing
à_la_fin|à_la_fin|fin1|FINIS||NOUN|Adv|Fem,Sing
à_poi_de|à_poi_de||||||
à_poi_q’|à_poi_q’||||||