-les|-les||||||
a|a|avoir|HABERE||VERB||Fin,Ind,Pres,Act,Trans,3,Sing
a|a1|avoir|HABERE||VERB||Fin,Ind,Pres,Intr,3,Sing
a|a2|avoir|HABERE||VERB|auxTens|Fin,Ind,Pres,3,Sing,MWEs
abatirent|abatirent|abatre|ABBATTUERE||VERB||Fin,Ind,Past,Act,Trans,3,Plur
abatoient|abatoient|abatre|ABBATTUERE||VERB||Fin,Ind,Imp,Act,Trans,3,Plur
abatu|abatu|abatre|ABBATTUERE||VERB|compPass|Ind,Part,Past,Sing,Masc,MWEs
abatus|abatus|abatre|ABBATTUERE||VERB|compTens|Ind,Part,Past,Plur,Masc,MWEs
abondance|abondance|abondance|ABUNDANTIA||NOUN||Fem,Sing
acheison|acheison|ochaison|OCCASIO||NOUN||Fem,Sing
acheson|acheson|ochaison|OCCASIO||NOUN||Fem,Sing
acoilli|acoilli|acoillir|*ACCOLLIGERE||VERB||Fin,Ind,Past,Act,Trans,3,Sing
aconplis|aconplis3|acomplir|COMPLERE||VERB|Adj|Ind,Part,Past,Plur,Masc
acorderent|acorderent|acorder|*ACCORDARE||VERB||Fin,Ind,Past,Rfl,3,Plur
acroist|acroist|acroistre|CRESCERE||VERB||Fin,Ind,Pres,Act,Trans,3,Sing
adonc|adonc|adonc|DUNC||ADV||
afaire|afaire|afaire|FACERE||NOUN||Masc,Sing,Nom
afaire|afaire1|afaire|FACERE||NOUN||Masc,Sing,Acc
afer|afer|afaire|FACERE||NOUN||Masc,Sing,Nom
afer|afer1|afaire|FACERE||NOUN||Masc,Sing,Acc
afollerent|afollerent|afoler|FULLARE||VERB||Fin,Ind,Past,Act,Trans,3,Plur
afïés|afïés|afier|*FIDARE||VERB|compTens|Ind,Part,Past,Sing,Masc,MWEs
ai|ai|avoir|HABERE||VERB||Fin,Ind,Pres,Act,Trans,1,Sing
aide|aide|äie|ADJUTARE||NOUN||Masc,Sing,Acc
aideront|aideront|aidier|ADJUTARE||VERB||Fin,Ind,Fut,Act,Trans,3,Plur
aidier|aidier|aidier|ADJUTARE||VERB||Ind,Inf,Pres,Act,Trans
aille|aille|aler (GDC)|AMBULARE||VERB||Fin,Sub,Pres,Intr,3,Sing
ains|ains|ainz|ANTE||ADV||
ajousta|ajousta|ajoster|*JUXTARE||VERB||Fin,Ind,Past,Act,Trans,3,Sing
ala|ala|aler (GDC)|AMBULARE||VERB||Fin,Ind,Past,Intr,3,Sing
ala|ala1|aler (GDC)|AMBULARE||VERB||Fin,Ind,Past,Rfl,3,Sing
alassent|alassent|aler (GDC)|AMBULARE||VERB||Fin,Sub,Imp,Intr,3,Plur
aleigre|aleigre|haliegre|ALACER||ADJ||Masc,Sing,Nom
aler|aler|aler (GDC)|AMBULARE||VERB||Ind,Inf,Pres,Intr
aler|aler1|aler (GDC)|AMBULARE||VERB|auxMod|Ind,Inf,Pres
alerent|alerent|aler (GDC)|AMBULARE||VERB||Fin,Ind,Past,Intr,3,Plur
aloit|aloit|aler (GDC)|AMBULARE||VERB||Fin,Ind,Imp,Intr,3,Sing
aloit|aloit1|aler (GDC)|AMBULARE||VERB||Fin,Ind,Imp,Rfl,3,Sing
alïés|alïés|aler (GDC)|AMBULARE||VERB||Fin,Sub,Pres,Rfl,2,Plur
amasser|amasser|amasser|MASSA||VERB||Ind,Inf,Pres,Act,Trans
amerra|amerra|amener|MINARE||VERB||Fin,Ind,Fut,Intr,3,Sing
amis|amis2|ami|AMICUS||NOUN||Masc,Plur,Nom
amis|amis3|ami|AMICUS||NOUN||Masc,Plur,Acc
amisté|amisté|amistié|*AMICITAS||NOUN||Fem,Sing
amonest|amonest|amonester|*ADMONESTARE||VERB||Fin,Ind,Pres,Act,Trans,1,Sing
amor|amor2|amor|AMOR||NOUN||Masc,Sing,Acc
ancrerent|ancrerent|ancrer|ANCORA||VERB||Fin,Ind,Past,Act,Trans,3,Plur
ancres|ancres|ancre|ANCORA||NOUN||Fem,Plur
anel|anel3|anel|ANELLUS||NOUN||Masc,Plur,Acc
anuisoient|anuisoient||||||
aparoil|aparoil3|apareil|*APPARICULARE||NOUN||Masc,Plur,Acc
aparoilla|aparoilla|apareillier1|*APPARICULARE||VERB||Fin,Ind,Past,Rfl,3,Sing
aparoillee|aparoillee7|apareillier1|*APPARICULARE||VERB|Adj|Ind,Part,Past,Plur,Fem
aparoiller|aparoiller|apareillier1|*APPARICULARE||VERB||Ind,Inf,Pres,Act,Trans
aparoillier|aparoillier|apareillier1|*APPARICULARE||VERB||Ind,Inf,Pres,Act,Trans
aparoilliés|aparoilliés|apareillier1|*APPARICULARE||VERB|compPass|Ind,Part,Past,Plur,Fem,MWEs
aparoillés|aparoillés|apareillier1|*APPARICULARE||VERB||Ind,Part,Past,Sing,Masc
aparoillés|aparoillés4|apareillier1|*APPARICULARE||VERB|compPass|Ind,Part,Past,Sing,Masc,MWEs
aparoillés|aparoillés5|apareillier1|*APPARICULARE||VERB|compPass|Ind,Part,Past,Plur,Masc,MWEs
aparut|aparut|aparoir|*APPARESCERE||VERB||Fin,Ind,Past,Intr,3,Sing
apellee|apellee|apeler|APPELLARE||VERB|compPass|Ind,Part,Past,Sing,Fem,MWEs
aperceüs|aperceüs1|apercevoir|PERCIPERE||VERB|compPass|Ind,Part,Past,Plur,Masc,MWEs
apercuerent|apercuerent|apercevoir|PERCIPERE||VERB||Fin,Ind,Past,Act,Trans,3,Plur
aporta|aporta|aporter|APPORTARE||VERB||Fin,Ind,Past,Act,Trans,3,Sing
aprés|aprés|après|AD PRESSUM||ADP||
aprés|aprés1|après|AD PRESSUM||ADV||Tim
archees|archees|archiee|ARCUS||NOUN||Fem,Plur
argent|argent|argent|ARGENTUM||NOUN||Masc,Sing,Acc
arieres|arieres|ariere|AD RETRO||ADV||Loc
ariva|ariva|ariver|*ARRIPARE||VERB||Fin,Ind,Past,Intr,3,Sing
arivees|arivees|ariver|*ARRIPARE||VERB|compTens|Ind,Part,Past,Plur,Fem,MWEs
ariver|ariver|ariver|*ARRIPARE||VERB||Ind,Inf,Pres,Intr
ariverent|ariverent|ariver|*ARRIPARE||VERB||Fin,Ind,Past,Intr,3,Plur
arivierent|arivierent|ariver|*ARRIPARE||VERB||Fin,Ind,Past,Intr,3,Plur
arma|arma1|armer|ARMARE||VERB||Fin,Ind,Past,Act,Trans,3,Sing
armee|armee|armer|ARMARE||VERB|Adj|Ind,Part,Past,Plur,Fem
armees|armees|armer|ARMARE||VERB|Adj|Ind,Part,Past,Plur,Fem
armer|armer|armer|ARMARE||VERB||Ind,Inf,Pres,Act,Trans
armerent|armerent|armer|ARMARE||VERB||Fin,Ind,Past,Rfl,3,Plur
armes|armes|arme|ARMA||NOUN||Fem,Plur
armeürez|armeürez|armëure|ARMATURA||NOUN||Fem,Plur
armés|armés|armer|ARMARE||VERB|Adj|Ind,Part,Past,Plur,Masc
armés|armés1|armer|ARMARE||VERB|Adj|Ind,Part,Past,Sing,Masc
as|as|a3|AD||ADP||PrepArt
asaillir|asaillir|assalir|*ASSALIRE||VERB||Ind,Inf,Pres,Act,Trans
asaudrons|asaudrons|assalir|*ASSALIRE||VERB||Fin,Ind,Fut,Act,Trans,1,Plur
asenblerent|asenblerent|assembler|ASSIMILARE||VERB||Fin,Ind,Past,Act,Trans,3,Plur
asenblés|asenblés|assembler|ASSIMILARE||VERB|compTens|Ind,Part,Past,Plur,Masc,MWEs
asés|asés|assez|AD SATIS||ADV||
atant|atant|tant|TANTUS||ADV||Tim
au|au|a3|AD||ADP||PrepArt
aubers|aubers|herberc|*HARIBERGôN||NOUN||Masc,Plur,Acc
auques|auques|auques|ALIQUID||ADV||
aus|aus1|haut|ALTUS||ADJ||Masc,Plur,Acc
ausi|ausi|aussi|SIC||ADV||
ausi_com|ausi_com|aussi|SIC||ADV|Adv|MWEs
aussi|aussi|aussi|SIC||ADV||
aut|aut|haut|ALTUS||ADJ||Masc,Sing,Nom
autant|autant||||||
aute|aute|haut|ALTUS||ADJ||Fem,Sing
autement|autement|hautement|ALTUS||ADV||
autre|autre3|autre|ALTER||DET||Ind,Masc,Plur,Acc
autre|autre4|autre|ALTER||DET||Ind,Fem,Sing
autres|autres1|autre|ALTER||DET||Ind,Masc,Plur,Acc
autres|autres4|autre|ALTER||PRON||Ind,Masc,Plur,Nom
autres|autres5|autre|ALTER||PRON||Ind,Masc,Plur,Acc
autressi|autressi|autresi|SIC||ADV||
avant_qe|avant_qe|avant|ABANTE||ADV|SConj |
avec|avec|avuec|AB HOC||ADP||
avenist|avenist|avenir|ADVENIRE||VERB||Fin,Sub,Imp,Intr,3,Sing
aventure|aventure|aventure|*ADVENTURA||NOUN||Fem,Sing
avenus|avenus|avenir|ADVENIRE||VERB|compTens|Ind,Part,Past,Sing,Masc,MWEs
avint|avint|avenir|ADVENIRE||VERB||Fin,Ind,Past,Intr,3,Sing
avoient|avoient1|avoir|HABERE||VERB|auxTens|Fin,Ind,Imp,3,Plur,MWEs
avoir|avoir|avoir|HABERE||VERB||Ind,Inf,Pres,Act,Trans
avoir|avoir1|avoir|HABERE||VERB|Noun|Ind,Inf,Pres
avoit|avoit|avoir|HABERE||VERB||Fin,Ind,Imp,Act,Trans,3,Sing
avoit|avoit1|avoir|HABERE||VERB||Fin,Ind,Imp,Intr,3,Sing
avoit|avoit2|avoir|HABERE||VERB|auxTens|Fin,Ind,Imp,3,Sing,MWEs
avons|avons|avoir|HABERE||VERB||Fin,Ind,Pres,Act,Trans,1,Plur
avons|avons1|avoir|HABERE||VERB|auxTens|Fin,Ind,Pres,1,Plur,MWEs
avril|avril|avril|APRILIS||NOUN||Masc,Sing,Acc
avrons|avrons|avoir|HABERE||VERB|auxTens|Fin,Ind,Fut,1,Plur,MWEs
avés|avés|avoir|HABERE||VERB|auxTens|Fin,Ind,Pres,2,Plur,MWEs
baiserent|baiserent1|baissier|*BASSIARE||VERB||Fin,Ind,Past,Act,Trans,3,Plur
baissiees|baissiees|baissier|*BASSIARE||VERB||Ind,Part,Past,Plur,Fem
barons|barons2|baron|*BARO||NOUN||Masc,Plur,Nom
barons|barons3|baron|*BARO||NOUN||Masc,Plur,Acc
bataille|bataille|bataille|BATTUALIA||NOUN||Fem,Sing
batailles|batailles|bataille|BATTUALIA||NOUN||Fem,Plur
batus|batus|batre|BATTUERE||VERB|Adj|Ind,Part,Past,Sing,Masc
beisoigne|beisoigne|besoigne|*SUNNI||NOUN||Fem,Sing
bellement|bellement|belement|BELLUS||ADV||Man
beneoit|beneoit|Benoît|||NOUN||Masc,Sing,Nom
berbis|berbis3|brebix|VERVEX||NOUN||Masc,Plur,Acc
besoignast|besoignast|besoignier|*SUNNI||VERB||Fin,Sub,Imp,Intr,3,Sing
besoigne|besoigne|besoigne|*SUNNI||NOUN||Fem,Sing
bestes|bestes|beste|BESTIA||NOUN||Fem,Plur
bia|bia1|bel|BELLUS||ADJ||Masc,Sing,Acc
biau|biau|bel|BELLUS||ADJ||Masc,Sing,Nom
biaus|biaus4|bel|BELLUS||ADJ||Masc,Plur,Nom
biaus|biaus8|bel|BELLUS||ADJ|Adv|Masc,Sing
biauté|biauté|biauté|BELLUS||NOUN||Fem,Sing
bien|bien4|bien2|BENE||ADV||Man
biens|biens|bien2|BENE||NOUN||Masc,Plur,Acc
boisons|boisons|boisson (GDC)|BIBITIO||NOUN||Fem,Plur
bon|bon1|bon|BONUS||ADJ||Masc,Sing,Acc
bon|bon2|bon|BONUS||ADJ||Neut,Sing,Nom
bones|bones|bon|BONUS||ADJ||Fem,Plur
bons|bons|bon|BONUS||ADJ||Masc,Plur,Acc
bonté|bonté|bonté|BONITAS||NOUN||Fem,Sing
borgiois|borgiois|borjois|*BURG-||NOUN||Masc,Plur,Acc
borgois|borgois|borjois|*BURG-||NOUN||Masc,Plur,Acc
bornis|bornis|brunis|*BRUN||VERB|Adj|Ind,Part,Past,Plur,Masc
boute|boute|boter|*BOTAN||VERB||Fin,Ind,Pres,Act,Trans,3,Sing
braces|braces|brace|BRACHIUM||NOUN||Fem,Plur
bras|bras|braz|BRACHIUM||PROPN||Masc,Sing,Acc
buchages|buchages|boschage|*BOSK-||NOUN||Masc,Plur,Nom
bust|bust||||||
car|car|car|QUARE||SCONJ||
castor|castor|Castor|||PROPN||Masc,Sing,Nom
ce|ce|ce1|HOC||PRON||Dem,Neut,Sing,Nom
ce|ce1|ce1|HOC||PRON||Dem,Neut,Sing,Acc
ce|ce2|se|SI||SCONJ||
ce_qe|ce_qe|ce1|HOC||PRON|SConj |Dem,Neut,Sing,MWEs
ce_que|ce_que|ce1|HOC||PRON|SConj |Dem,Neut,Sing,MWEs
ce_qu’|ce_qu’|ce1|HOC||PRON|SConj |Dem,Neut,Sing,MWEs
ce_q’|ce_q’|ce1|HOC||PRON|SConj |Dem,Neut,Sing,MWEs
cel|cel|tel|TALIS||DET||Ind,Fem,Sing
cele|cele|cel|ILLE||DET||Dem,Fem,Sing
celeement|celeement|celeement|CELARE||ADV||Man
cels|cels|cel|ILLE||PRON||Dem,Masc,Plur,Nom
cels|cels1|cel|ILLE||PRON||Dem,Masc,Plur,Acc
celui|celui|cel|ILLE||DET||Dem,Masc,Sing,Nom
celui|celui1|cel|ILLE||DET||Dem,Masc,Sing,Acc
cent|cent|cent|CENTUM||NUM||Card
ces|ces|ce2|ISTE||DET||Dem,Masc,Plur,Nom
ces|ces2|ce2|ISTE||DET||Dem,Fem,Plur
ceste|ceste1|cest|ISTE||DET||Dem,Fem,Sing
cestui|cestui1|cest|ISTE||PRON||Dem,Masc,Sing,Acc
cestui|cestui3|cest|ISTE||DET||Dem,Masc,Sing,Acc
chans|chans|champ|CAMPUS||NOUN||Masc,Sing,Acc
chant|chant|chant|CANTUS||NOUN||Masc,Sing,Acc
chanton|chanton|chanter|CANTARE||VERB||Fin,Ind,Pres,Intr,3,Plur
chapeleis|chapeleis1|chapelet|CAPPELLUS||NOUN||Masc,Plur,Nom
chascun|chascun1|chascun|CATA||PRON||Ind,Masc,Sing,Nom
chasee|chasee|chacier|*CAPTIARE||VERB|compPass|Ind,Part,Past,Sing,Fem,MWEs
chaser|chaser|chacier|*CAPTIARE||VERB||Ind,Inf,Pres,Act,Trans
chastel|chastel|chastel|CASTELLUM||NOUN||Masc,Sing,Acc
chernels|chernels|charnel2|CARNALIS||ADJ||Masc,Plur,Acc
chersant|chersant|cerchier|CIRCARE||VERB||Ind,Ger,Pres,Act,Trans
chevacains|chevacains|chevetaigne|CAPITANEUS||NOUN||Masc,Plur,Acc
cheval|cheval|cheval|CABALLUS||NOUN||Masc,Sing,Acc
chevalerie|chevalerie|chevalerie|CABALLARIUS||NOUN||Fem,Sing
chevalier|chevalier1|chevalier|CABALLARIUS||NOUN||Masc,Sing,Acc
chevaliers|chevaliers|chevalier|CABALLARIUS||NOUN||Masc,Sing,Nom
chevaliers|chevaliers1|chevalier|CABALLARIUS||NOUN||Masc,Sing,Acc
chevaliers|chevaliers2|chevalier|CABALLARIUS||NOUN||Masc,Plur,Nom
chevaliers|chevaliers3|chevalier|CABALLARIUS||NOUN||Masc,Plur,Acc
chevals|chevals|cheval|CABALLUS||NOUN||Masc,Plur,Acc
chevaucherent|chevaucherent|chevauchier|CABALLICARE||VERB||Fin,Ind,Past,Intr,3,Plur
chevaucherons|chevaucherons|chevauchier|CABALLICARE||VERB||Fin,Ind,Fut,Intr,1,Plur
chevaucherés|chevaucherés|chevauchier|CABALLICARE||VERB||Fin,Ind,Fut,Intr,2,Plur
cheveitaines|cheveitaines|chevetaigne|CAPITANEUS||NOUN||Masc,Plur,Nom
chevetaine|chevetaine1|chevetaigne|CAPITANEUS||NOUN||Masc,Sing,Acc
chief|chief|chief1|CAPUT||NOUN||Masc,Sing,Nom
chief|chief1|chief1|CAPUT||NOUN||Masc,Sing,Acc
chouse|chouse|chose|CAUSA||NOUN||Fem,Sing
chouses|chouses|chose|CAUSA||NOUN||Fem,Plur
chousi|chousi|choisir|KAUSJAN||VERB|compTens|Ind,Part,Past,Sing,Masc,MWEs
ci|ci1||||||
cité|cité|cité|CIVITAS||NOUN||Fem,Sing
cler|cler2|cler|CLARUS||ADJ||Masc,Plur,Acc
coars|coars|cöart|CAUDA||ADJ|Noun|Masc,Plur,Nom
coillir|coillir|coillir|COLLIGERE||VERB||Ind,Inf,Pres,Act,Trans
colcos|colcos|Colcos|||PROPN||Masc,Sing,Acc
com|com|come1|QUOMODO||SCONJ||
come|come|come1|QUOMODO||SCONJ||
comensa|comensa|comencier|COMINITIARE||VERB||Fin,Ind,Past,Intr,3,Sing
coment|coment|coment|QUOMODO||ADV||Int
commencerent|commencerent|comencier|COMINITIARE||VERB||Fin,Ind,Past,Rfl,3,Plur
conbatront|conbatront|combatre|COMBATTUERE||VERB||Fin,Ind,Fut,Rfl,3,Plur
conjea|conjea|congeer|COMMEATUS||VERB||Fin,Ind,Past,Act,Trans,3,Sing
conjoï|conjoï1|conjöir|GAUDERE||VERB|compPass|Ind,Part,Past,Plur,Masc,MWEs
conjé|conjé|congié|COMMEATUS||NOUN||Masc,Sing,Acc
conmencerent|conmencerent|comencier|COMINITIARE||VERB||Fin,Ind,Past,Rfl,3,Plur
connoist|connoist|conoistre|COGNOSCERE||VERB||Fin,Ind,Pres,Act,Trans,3,Sing
conpaignes|conpaignes|compagne|COMPANIO||NOUN||Fem,Plur
conpaignie|conpaignie|compagnie|COMPANIO||NOUN||Fem,Sing
conplainte|conplainte|complainte|*COMPLANGERE||NOUN||Fem,Sing
conqerre|conqerre|conquerir|CONQUIRERE||VERB||Ind,Inf,Pres,Act,Trans
conqise|conqise|conquerir|CONQUIRERE||VERB|compTens|Ind,Part,Past,Sing,Fem,MWEs
conseil|conseil1|conseillier3|CONSILIARE||VERB||Fin,Ind,Pres,Intr,1,Sing
conseillier|conseillier|conseillier3|CONSILIARE||VERB||Ind,Inf,Pres,Intr
consoil|consoil|conseil|CONSILIUM||NOUN||Masc,Sing,Nom
consoil|consoil1|conseil|CONSILIUM||NOUN||Masc,Sing,Acc
consoil|consoil4|conseillier3|CONSILIARE||VERB||Fin,Ind,Pres,Intr,1,Sing
consoilliés|consoilliés|conseillier3|CONSILIARE||VERB|compTens|Ind,Inf,Sing,Masc,MWEs
conta|conta|conter|COMPUTARE||VERB||Fin,Ind,Past,Act,Trans,3,Sing
conte|conte1|conte2|COMPUTUS||NOUN||Masc,Sing,Nom
conter|conter|conter|COMPUTARE||VERB||Ind,Inf,Pres,Act,Trans
contes|contes|conte2|COMPUTUS||NOUN||Masc,Sing,Nom
contredit|contredit|contredit|CONTRADICERE||NOUN||Masc,Sing,Acc
contree|contree|contree|CONTRA||NOUN||Fem,Sing
convenable|convenable|covenable|CONVENIRE||ADJ||Masc,Sing,Nom
convendra|convendra|covenir|CONVENIRE||VERB||Fin,Ind,Fut,Intr,3,Sing
convenoit|convenoit|covenir|CONVENIRE||VERB||Fin,Ind,Imp,Intr,3,Sing
convient|convient|covenir|CONVENIRE||VERB||Fin,Ind,Pres,Intr,3,Sing
convint|convint|covenir|CONVENIRE||VERB||Fin,Ind,Past,Intr,3,Sing
corn|corn|cor2|CORNU||NOUN||Masc,Sing,Acc
coroi|coroi|conroi|*REþS||NOUN||Masc,Sing,Nom
coroi|coroi1|conroi|*REþS||NOUN||Masc,Sing,Acc
corois|corois|conroi|*REþS||NOUN||Masc,Plur,Acc
corrociéz|corrociéz|corrocier|*CORRUPTUM||VERB||Ind,Part,Past,Sing,Masc
corroi|corroi|conroi|*REþS||NOUN||Masc,Sing,Acc
cors|cors|cors1|CORPUS||NOUN||Masc,Sing,Acc
coulor|coulor|color|COLOR||NOUN||Fem,Sing
coup|coup|coup|COLAPHUS||NOUN||Masc,Sing,Acc
cousi|cousi|choisir|KAUSJAN||VERB|compTens|Ind,Part,Past,Sing,Masc,MWEs
coux|coux|coup|COLAPHUS||NOUN||Masc,Plur,Acc
creüs|creüs|croire|CREDERE||VERB|compPass|Ind,Part,Past,Sing,Masc,MWEs
cri|cri|cri|QUIRITARE||NOUN||Masc,Sing,Nom
cri|cri1|cri|QUIRITARE||NOUN||Masc,Sing,Acc
criee|criee|crïee|QUIRITARE||NOUN||Fem,Sing
crue|crue|croistre|CRESCERE||VERB||Fin,Ind,Past,Intr,3,Sing
crut|crut|croistre|CRESCERE||VERB||Fin,Ind,Past,Intr,3,Sing
cui|cui|qui|QUI||PRON||Rel,Acc
cuide|cuide|cuidier1|COGITARE||VERB||Fin,Ind,Pres,Act,Trans,3,Sing
cuit|cuit|cuidier1|COGITARE||VERB||Fin,Ind,Pres,Act,Trans,1,Sing
cuor|cuor|cuer2|COR||NOUN||Masc,Sing,Acc
cuors|cuors|cuer2|COR||NOUN||Masc,Plur,Acc
c’|c’|se|SI||SCONJ||
d_entor|d_entor|entor|TORNARE||ADV|Adv|Loc,MWEs
d_entor|d_entor1|entor|TORNARE||ADV|Adp|Loc,MWEs
d_environ|d_environ|environ|VIBRARE||NOUN|Adv|Masc,Sing,Acc
daire|daire|Daires|||PROPN||Masc,Sing,Nom
damaje|damaje|damage|DAMNUM||NOUN||Masc,Sing,Nom
dames|dames|dame|DOMINA||NOUN||Fem,Plur
damoiselles|damoiselles|damoisele|*DOMNICELLA||NOUN||Fem,Plur
de|de|de|DE||ADP||
de_bonerement|de_bonerement|debonairement|AGER||ADV||
de_denz|de_denz|dedans|DEINTUS||ADP||
de_denz|de_denz1|dedans|DEINTUS||ADV||Loc
de_près|de_près|près|PRESSE||ADV|Adv|Loc,MWEs
de_sous|de_sous|desoz|SUBTUS||ADP||
de_sus|de_sus|desus|SURSUM||ADP||
dedenz|dedenz|dedans|DEINTUS||ADP||
defendi|defendi|defendre|DEFENDERE||VERB||Fin,Ind,Past,Act,Trans,3,Sing
defendre|defendre1|defendre|DEFENDERE||VERB||Ind,Inf,Pres,Act,Trans
defense|defense|defense|DEFENSA||NOUN||Fem,Sing
degasté|degasté|degaster|VASTARE||VERB|compPass|Ind,Part,Past,Sing,Masc,MWEs
demander|demander|demander|DEMANDARE||VERB||Ind,Inf,Pres,Act,Trans
demanois|demanois|demanois|MANUS||ADV||
demorer|demorer|demorer|DEMORARI||VERB||Ind,Inf,Pres,Intr
demorerent|demorerent|demorer|DEMORARI||VERB||Fin,Ind,Past,Intr,3,Plur
demorons|demorons|demorer|DEMORARI||VERB||Fin,Ind,Pres,Intr,1,Plur
derieres|derieres|derriere|DE RETRO||ADV||Loc
deronpirent|deronpirent|desrompre|RUMPERE||VERB||Fin,Ind,Past,Act,Trans,3,Plur
des|des2|de|DE||ADP||PrepArt
deschevellés|deschevellés|descheveler|CAPILLUS||VERB|Adj|Ind,Part,Past,Plur,Fem
desconfis|desconfis|desconfire|CONFICERE||VERB|compPass|Ind,Part,Past,Plur,Masc,MWEs
desconfiture|desconfiture|desconfiture|CONFICERE||NOUN||Fem,Sing
descoverte|descoverte|descovrir|COOPERIRE||VERB|compPass|Ind,Part,Past,Sing,Fem,MWEs
desgarnie|desgarnie|desgarnir|*WARNJAN||VERB|Adj|Ind,Part,Past,Sing,Fem
deshonoree|deshonoree|desonorer|HONORARE||VERB|compPass|Ind,Part,Past,Sing,Fem,MWEs
desiriers|desiriers1|desirrier|DESIDERARE||NOUN||Masc,Plur,Acc
desiroient|desiroient|desirrer|DESIDERARE||VERB||Fin,Ind,Imp,Act,Trans,3,Plur
desmaaillierent|desmaaillierent|desmaillier|MACULA||VERB||Fin,Ind,Past,Act,Trans,3,Plur
desmesuree|desmesuree|desmesurer|MENSURARE||VERB|Adj|Ind,Part,Past,Sing,Fem
desmesurés|desmesurés|desmesurer|MENSURARE||VERB|Adj|Ind,Part,Past,Sing,Masc
desperés|desperés|desperer|DESPERARE||VERB|Adj|Ind,Part,Past,Sing,Masc
despulceller|despulceller|despuceler|*PULLICELLA||VERB||Ind,Inf,Pres,Act,Trans
destrier|destrier|destrier1|DEXTER||NOUN||Masc,Sing,Acc
destrucions|destrucions|destructïon|DESTRUERE||NOUN||Fem,Sing
destrueroit|destrueroit|destruire|DESTRUERE||VERB||Fin,Cnd,Pres,Act,Trans,3,Sing
destruit|destruit|destruire|DESTRUERE||VERB|compPass|Ind,Part,Past,Sing,Masc,MWEs
destruite|destruite|destruire|DESTRUERE||VERB|compPass|Ind,Part,Past,Sing,Fem,MWEs
destruition|destruition|destructïon|DESTRUERE||NOUN||Fem,Sing
destrustent|destrustent|destruire|DESTRUERE||VERB||Fin,Ind,Past,Act,Trans,3,Plur
destrution|destrution|destructïon|DESTRUERE||NOUN||Fem,Sing
detrenche|detrenche|detrenchier|*TRINICARE||VERB||Fin,Ind,Pres,Act,Trans,3,Sing
detrenchent|detrenchent|detrenchier|*TRINICARE||VERB||Fin,Ind,Pres,Act,Trans,3,Plur
detrencherent|detrencherent1|detrenchier|*TRINICARE||VERB||Fin,Ind,Past,Act,Trans,3,Plur
detrenchient|detrenchient|detrenchier|*TRINICARE||VERB||Fin,Ind,Pres,Act,Trans,3,Plur
detrenchier|detrenchier|detrenchier|*TRINICARE||VERB||Ind,Inf,Pres,Act,Trans
detrenchoient|detrenchoient|detrenchier|*TRINICARE||VERB||Fin,Ind,Imp,Rfl,3,Plur
detrenchés|detrenchés|detrenchier|*TRINICARE||VERB|compPass|Ind,Part,Past,Plur,Masc,MWEs
devant|devant|devant|ABANTE||ADV||Loc
devant|devant1|devant|ABANTE||ADP||
devers|devers|devers|VERSUS1||ADP||
deviser|deviser|deviser|*DIVISARE||VERB||Ind,Inf,Pres,Act,Trans
devons|devons1|devoir|DEBERE||VERB|auxMod|Fin,Ind,Pres,1,Plur
deüst|deüst|devoir|DEBERE||VERB|auxMod|Fin,Sub,Imp,3,Sing
di|di|dire|DICERE||VERB||Fin,Ind,Pres,Intr,1,Sing
di|di2|dire|DICERE||VERB||Fin,Sub,Pres,Intr,3,Sing
die|die|dire|DICERE||VERB||Fin,Sub,Pres,Intr,3,Sing
dieu|dieu|dieu|DEUS||NOUN||Masc,Sing,Nom
diex|diex|dieu|DEUS||NOUN||Masc,Plur,Acc
dir|dir|dire|DICERE||VERB||Ind,Inf,Pres,Intr
dirai|dirai|dire|DICERE||VERB||Fin,Ind,Fut,Intr,1,Sing
dirces|dirces|Dirces|||PROPN||Masc,Sing,Acc
dire|dire|dire|DICERE||VERB||Ind,Inf,Pres,Intr
diroie|diroie|dire|DICERE||VERB||Fin,Cnd,Pres,Intr,1,Sing
dist|dist|dire|DICERE||VERB||Fin,Ind,Past,Intr,3,Sing
dit|dit|dire|DICERE||VERB||Fin,Ind,Pres,Intr,3,Sing
dit|dit1|dire|DICERE||VERB||Fin,Ind,Pres,Act,Trans,3,Sing
doie|doie|devoir|DEBERE||VERB|auxMod|Fin,Sub,Pres,2,Sing
dolereuse|dolereuse|doloros|DOLOROSUS||ADJ||Fem,Sing
dona|dona|doner|DONARE||VERB||Fin,Ind,Past,Act,Trans,3,Sing
donc|donc|donc|DUNC||ADV||
dont|dont|dont|UNDE||ADV||
dos|dos|dos|DORSUM||NOUN||Masc,Sing,Acc
dou|dou|de|DE||ADP||PrepArt
doucement|doucement|doucement|DULCIS||ADV||Man
doulent|doulent|dolent|DOLERE||ADJ||Masc,Sing,Nom
doulor|doulor|dolor|DOLOR||NOUN||Masc,Sing,Acc
douna|douna|doner|DONARE||VERB||Fin,Ind,Past,Act,Trans,3,Sing
doune|doune|doner|DONARE||VERB||Fin,Ind,Pres,Act,Trans,3,Sing
douner|douner|doner|DONARE||VERB||Ind,Inf,Pres,Act,Trans
dous|dous1|douz|DULCIS||ADJ||Masc,Sing,Nom
dous|dous2|douz|DULCIS||ADJ||Masc,Sing,Acc
doux|doux1|douz|DULCIS||ADJ||Fem,Sing
drap|drap1|drap|DRAPPUS||NOUN||Masc,Plur,Acc
dras|dras|drap|DRAPPUS||NOUN||Masc,Plur,Acc
duel|duel|duel|DOLUS||NOUN||Masc,Sing,Nom
duel|duel1|duel|DOLUS||NOUN||Masc,Sing,Acc
dui|dui|deus|DUO||NUM||Ord
dui_mille|dui_mille|mil1|MILLE||NUM||Card
dure|dure|dur|DURUS||ADJ||Fem,Sing
durement|durement|durement|DURUS||ADV||Man
d’|d’|de|DE||ADP||
effors|effors|esforz2|*FORTIARE||NOUN||Masc,Sing,Acc
efionam|efionam|Efionam|||PROPN||Fem,Sing
el|el|en1|IN||ADP||PrepArt
elle|elle1|il|ILLE||PRON||Prs,3,Fem,Plur,Nom
elles|elles|il|ILLE||PRON||Prs,3,Fem,Plur,Nom
els|els1|il|ILLE||PRON||Prs,3,Masc,Plur,Acc
en|en|en1|IN||ADP||
en|en2|en2|INDE||PRON||
en_luec|en_luec|iluec|ILLOC||ADV||Loc
en_mi|en_mi|enmi|MEDIUS||ADP||
enbucha|enbucha|embuschier|*BUSK-||VERB||Fin,Ind,Past,Rfl,3,Sing
enbucherons|enbucherons|embuschier|*BUSK-||VERB||Fin,Ind,Fut,Rfl,1,Plur
enbuchier|enbuchier|embuschier|*BUSK-||VERB||Ind,Inf,Pres,Rfl
enbuchés|enbuchés|embuschier|*BUSK-||VERB|compPass|Ind,Part,Past,Plur,Masc,MWEs
enchasteller|enchasteller|enchasteler|CASTELLUM||VERB||Ind,Inf,Pres,Act,Trans
encloerons|encloerons|enclore|CLAUDERE||VERB||Fin,Ind,Fut,Act,Trans,1,Plur
encontra|encontra|encontrer|CONTRA||VERB||Fin,Ind,Past,Act,Trans,3,Sing
encontre|encontre|encontre2|CONTRA||NOUN|Adp|Fem,Sing
encontrer|encontrer|encontrer|CONTRA||VERB|Noun|Ind,Inf,Pres
encontres|encontres|encontre1|CONTRA||ADP||
encore|encore|encore|HORA||ADV||
enfans|enfans|enfant|INFANS||NOUN||Masc,Plur,Acc
enfant|enfant|enfant|INFANS||NOUN||Masc,Plur,Acc
enfanz|enfanz|enfant|INFANS||NOUN||Masc,Plur,Acc
enluec|enluec|iluec|ILLOC||ADV||
enpaint|enpaint1|empeindre1|IMPINGERE||VERB||Fin,Ind,Pres,Act,Trans,3,Sing
enpiree|enpiree1|empirier|PEJOR||VERB|compPass|Ind,Part,Past,Sing,Fem,MWEs
enpointe|enpointe|empointe2|PUNGERE||NOUN||Fem,Sing
enprist|enprist|emprendre|*IMPREHENDERE||VERB||Fin,Ind,Past,Act,Trans,3,Sing
enqistrent|enqistrent|enquerre|INQUIRERE||VERB||Fin,Ind,Past,Intr,3,Plur
enrichi|enrichi|enrichir|RîKI||VERB||Fin,Ind,Past,Act,Trans,3,Sing
enrichie|enrichie|enrichir|RîKI||VERB|compPass|Ind,Part,Past,Sing,Fem,MWEs
ens|ens|enz|INTUS||ADV||Loc
enseignes|enseignes|enseigne|INSIGNIA||NOUN||Fem,Plur
ensi|ensi|ainsi|SIC||ADV||
ensi_com|ensi_com|ainsi|SIC||ADV|Adv|MWEs
ensus|ensus|ensus|SURSUM||ADV||Loc
entalentés|entalentés1|entalenter|TALENTUM||VERB|Adj|Ind,Part,Past,Sing,Masc
entendu|entendu1|entendre|INTENDERE||VERB|compTens|Ind,Part,Past,Sing,Masc,MWEs
entiers|entiers1|entier|INTEGER||ADJ||Masc,Sing,Nom
entor|entor|entor|TORNARE||ADP||
entra|entra|entrer|INTRARE||VERB||Fin,Ind,Past,Intr,3,Sing
entre|entre|entre2|INTER||ADP||
entrerent|entrerent|entrer|INTRARE||VERB||Fin,Ind,Past,Intr,3,Plur
entrerent|entrerent1|entrer|INTRARE||VERB||Fin,Ind,Past,Rfl,3,Plur
entres|entres|entre2|INTER||ADP||
entrés|entrés|entrer|INTRARE||VERB|compTens|Ind,Part,Past,Plur,Masc,MWEs
entréz|entréz|entrer|INTRARE||VERB|compTens|Ind,Part,Past,Plur,Masc,MWEs
entr’|entr’|entre2|INTER||ADP||
envoions|envoions|envoiier|INVIARE||VERB||Fin,Ind,Pres,Act,Trans,1,Plur
esbaïs|esbaïs|esbäir|BATARE||VERB|compPass|Ind,Part,Past,Sing,Masc,MWEs
escaper|escaper|eschaper|*EXCAPPARE||VERB||Ind,Inf,Pres,Intr
escapera|escapera|eschaper|*EXCAPPARE||VERB||Fin,Ind,Fut,Intr,3,Sing
eschaperent|eschaperent|eschaper|*EXCAPPARE||VERB||Fin,Ind,Past,Intr,3,Plur
eschartellerent|eschartellerent|escarteler|QUARTUS||VERB||Fin,Ind,Past,Act,Trans,3,Plur
eschielles|eschielles|eschiele1|SCALA||NOUN||Fem,Plur
escriees|escriees|escrïer|QUIRITARE||VERB|Adj|Ind,Part,Past,Plur,Fem
escrist|escrist|escrire|SCRIBERE||VERB||Fin,Ind,Past,Act,Trans,3,Sing
escrit|escrit2|escrire|SCRIBERE||VERB|Adj|Ind,Part,Past,Sing,Masc
escus|escus|escu|SCUTUM||NOUN||Masc,Plur,Acc
esfors|esfors|esforz2|*FORTIARE||NOUN||Masc,Sing,Acc
esforsa|esforsa1|esforcier2|*FORTIARE||VERB||Fin,Ind,Past,Intr,3,Sing
esforserent|esforserent|esforcier2|*FORTIARE||VERB||Fin,Ind,Past,Rfl,3,Plur
esfreés|esfreés|esfrëer|*EXFRIDARE||VERB|compPass|Ind,Part,Past,Plur,Fem,MWEs
esfreés|esfreés1|esfrëer|*EXFRIDARE||VERB||Ind,Part,Past,Plur,Masc
esgardee|esgardee|esgarder|*WARDôN||VERB|compPass|Ind,Part,Past,Sing,Fem,MWEs
esmeü|esmeü|esmovoir|EXMOVERE||VERB|compTens|Ind,Part,Past,Sing,Masc,MWEs
espandi|espandi|espandre|EXPANDERE||VERB||Fin,Ind,Past,Intr,3,Sing
espaontés|espaontés1|espöenter|*EXPAVENTARE||VERB|compPass|Ind,Part,Past,Plur,Masc,MWEs
espaules|espaules|espaula|SPATULA||NOUN||Fem,Plur
espee|espee|espee|SPATHA||NOUN||Fem,Sing
espees|espees|espee|SPATHA||NOUN||Fem,Plur
esperance|esperance|esperance|SPERARE||NOUN||Fem,Sing
espé|espé|espee|SPATHA||NOUN||Fem,Sing
est|est|estre1|ESSE||VERB||Fin,Ind,Pres,Intr,3,Sing
est|est1|estre1|ESSE||VERB|auxCop|Fin,Ind,Pres,3,Sing
establir|establir|establir|STABILIRE||VERB||Ind,Inf,Pres,Act,Trans
estoient|estoient|estre1|ESSE||VERB|auxCop|Fin,Ind,Imp,3,Plur
estoient|estoient1|estre1|ESSE||VERB||Fin,Ind,Imp,Intr,3,Plur
estoient|estoient2|estre1|ESSE||VERB|auxTens|Fin,Ind,Imp,3,Plur,MWEs
estoient|estoient3|estre1|ESSE||VERB|auxPass|Fin,Ind,Imp,3,Plur,MWEs
estoilles|estoilles|estoile|STELLA||NOUN||Fem,Plur
estoire|estoire|estoire1|HISTORIA||NOUN||Fem,Sing
estoit|estoit|estre1|ESSE||VERB||Fin,Ind,Imp,Intr,3,Sing
estoit|estoit1|estre1|ESSE||VERB|auxCop|Fin,Ind,Imp,3,Sing
estoit|estoit2|estre1|ESSE||VERB|auxPass|Fin,Ind,Imp,3,Sing,MWEs
estoit|estoit3|estre1|ESSE||VERB|auxTens|Fin,Ind,Imp,3,Sing,MWEs
estorrroit|estorrroit|X|X||X||
estre|estre|estre1|ESSE||VERB|auxPass|Ind,Inf,Pres,MWEs
estre|estre2|estre1|ESSE||VERB||Ind,Inf,Pres,Intr
estre|estre3|estre1|ESSE||VERB|auxCop|Ind,Inf,Pres
esté|esté1|estre1|ESSE||VERB|compTens|Ind,Part,Past,Sing,Fem,MWEs
esté|esté4|esté1|AESTAS||NOUN||Fem,Sing
et|et|et|ET||CCONJ||
evre|evre|uevre|OPERA||NOUN||Fem,Sing
eüssent|eüssent|avoir|HABERE||VERB|auxTens|Fin,Sub,Imp,3,Plur,MWEs
eüst|eüst1|avoir|HABERE||VERB|auxTens|Fin,Sub,Imp,3,Sing,MWEs
failli|failli|falir|FALLERE||VERB||Fin,Ind,Past,Rfl,3,Sing
faire|faire|faire|FACERE||VERB||Ind,Inf,Pres,Act,Trans
fais|fais2|fait1|FACTUM||NOUN||Masc,Sing,Acc
fait|fait1|faire|FACERE||VERB||Fin,Ind,Pres,Act,Trans,3,Sing
famillous|famillous|fameillos|FAMES||ADJ||Masc,Sing,Nom
feisons|feisons|faire|FACERE||VERB||Fin,Ind,Pres,Act,Trans,1,Plur
feme|feme|feme|FEMINA||NOUN||Fem,Sing
femes|femes|feme|FEMINA||NOUN||Fem,Plur
fer|fer|faire|FACERE||VERB||Ind,Inf,Pres,Act,Intr
fer|fer1|faire|FACERE||VERB||Ind,Inf,Pres,Act,Trans
fera|fera|faire|FACERE||VERB||Fin,Ind,Fut,Act,Trans,3,Sing
fere|fere|faire|FACERE||VERB||Ind,Inf,Pres,Act,Trans
feri|feri|ferir|FERIRE||VERB||Fin,Ind,Past,Act,Trans,3,Sing
ferir|ferir|ferir|FERIRE||VERB||Ind,Inf,Pres,Act,Trans
ferirent|ferirent|ferir|FERIRE||VERB||Fin,Ind,Past,Act,Trans,3,Plur
ferirent|ferirent1|ferir|FERIRE||VERB||Fin,Ind,Past,Rfl,3,Plur
ferés|ferés|faire|FACERE||VERB||Fin,Ind,Fut,Act,Trans,2,Plur
fes|fes|X|X||X||
fesoit|fesoit|faire|FACERE||VERB||Fin,Ind,Imp,Act,Trans,3,Sing
fesons|fesons|faire|FACERE||VERB|auxMod|Fin,Ind,Pres,1,Plur
festoiés|festoiés1|festiier|FESTA||VERB|compPass|Ind,Part,Past,Plur,Masc,MWEs
fet|fet2|faire|FACERE||VERB|compTens|Ind,Part,Past,Sing,Masc,MWEs
fet|fet3|faire|FACERE||VERB|compTens|Ind,Part,Past,Sing,Fem,MWEs
fet|fet8|faire|FACERE||VERB|compPass|Ind,Part,Past,Sing,Masc,MWEs
fet|fet9|fait1|FACTUM||NOUN||Masc,Sing,Acc
fetes|fetes|faire|FACERE||VERB||Fin,Ind,Pres,Act,Trans,2,Plur
feu|feu1|feu|FOCUS||NOUN||Masc,Sing,Acc
fiert|fiert|ferir|FERIRE||VERB||Fin,Ind,Pres,Act,Trans,3,Sing
fille|fille|fille|FILIA||NOUN||Fem,Sing
filles|filles|fille|FILIA||NOUN||Fem,Plur
finee|finee|finer|FINIRE||VERB|compPass|Ind,Part,Past,Sing,Fem,MWEs
firent|firent|faire|FACERE||VERB||Fin,Ind,Past,Act,Trans,3,Plur
firent|firent1|faire|FACERE||VERB|auxMod|Fin,Ind,Past,3,Plur
fist|fist|faire|FACERE||VERB||Fin,Ind,Past,Intr,3,Sing
fist|fist1|faire|FACERE||VERB|auxMod|Fin,Ind,Past,3,Sing
fist|fist2|faire|FACERE||VERB||Fin,Ind,Past,Act,Trans,3,Sing
flori|flori|flori|FLORERE||ADJ||Masc,Plur,Nom
foi|foi1|foi|FIDES||NOUN||Fem,Plur
foillus|foillus|foillu|FOLIUM||ADJ||Masc,Plur,Nom
fois|fois1|foi|FIDES||NOUN||Fem,Sing
font|font|faire|FACERE||VERB||Fin,Ind,Pres,Act,Trans,3,Plur
forfet|forfet|forfait|FACERE||NOUN||Masc,Sing,Acc
fors|fors|fors1|FORAS||ADP||
fors_de|fors_de||||||
fort|fort|fort|FORTIS||ADV||
forteresse|forteresse|forterece|FORTIS||NOUN||Fem,Sing
freres|freres|frere|FRATER||NOUN||Masc,Plur,Nom
frois|frois|froïs|*FRUSTIARE||NOUN||Masc,Sing,Nom
frois|frois1|frois1|FRISK||ADJ||Masc,Plur,Nom
froiseis|froiseis|froissëiz|*FRUSTIARE||NOUN||Masc,Sing,Nom
fu|fu|estre1|ESSE||VERB|auxCop|Fin,Ind,Past,3,Sing
fu|fu1|estre1|ESSE||VERB|auxPass|Fin,Ind,Past,3,Sing,MWEs
fu|fu2|estre1|ESSE||VERB|auxTens|Fin,Ind,Past,3,Sing,MWEs
fu|fu3|estre1|ESSE||VERB||Fin,Ind,Past,Intr,3,Sing
fuie|fuie|fuie|FUGERE||NOUN||Fem,Sing
fuoient|fuoient|fuir|FUGERE||VERB||Fin,Ind,Imp,Rfl,3,Plur
furent|furent|estre1|ESSE||VERB||Fin,Ind,Past,Intr,3,Plur
furent|furent2|estre1|ESSE||VERB|auxPass|Fin,Ind,Past,3,Plur,MWEs
furent|furent3|estre1|ESSE||VERB||Fin,Ind,Past,Intr,3,Sing
furent|furent4|estre1|ESSE||VERB|auxCop|Fin,Ind,Past,3,Plur
fussent|fussent|estre1|ESSE||VERB|auxPass|Fin,Sub,Imp,3,Plur,MWEs
fust|fust|estre1|ESSE||VERB|auxCop|Fin,Ind,Past,3,Sing
fust|fust1|estre1|ESSE||VERB||Fin,Ind,Past,Intr,3,Sing
garda|garda|warder|*WARDôN||VERB||Fin,Ind,Past,Act,Trans,3,Sing
garentie|garentie|garantie|*WERJAN||NOUN||Fem,Sing
garison|garison|garison|*WARJAN||NOUN||Fem,Sing
garnie|garnie|warnir|*WARNJAN||VERB|compPass|Ind,Part,Past,Sing,Fem,MWEs
garnimenz|garnimenz1|warnement|*WARNJAN||NOUN||Masc,Sing,Acc
garnir|garnir|warnir|*WARNJAN||VERB||Ind,Inf,Pres,Act,Trans
garnirrons|garnirrons|warnir|*WARNJAN||VERB||Fin,Ind,Fut,Act,Trans,1,Plur
garnis|garnis1|warnir|*WARNJAN||VERB|compTens|Ind,Part,Past,Plur,Masc,MWEs
gastee|gastee|gaster|VASTARE||VERB|compPass|Ind,Part,Past,Sing,Fem,MWEs
gasterent|gasterent|gaster|VASTARE||VERB||Fin,Ind,Past,Act,Trans,3,Plur
gastor|gastor|Castor|||PROPN||Masc,Sing,Acc
gastor|gastor1|Castor|||PROPN||Masc,Sing,Nom
gens|gens1|gent1|GENS||NOUN||Fem,Plur
gent|gent1|gent1|GENS||NOUN||Fem,Sing
gent|gent2|gent2|GENITUS||ADJ||Masc,Sing,Acc
genz|genz|gent1|GENS||NOUN||Fem,Plur
graces|graces|grace|GRATIA||NOUN||Fem,Plur
grant|grant|grant|GRANDIS||ADJ||Masc,Sing,Nom
grant|grant1|grant|GRANDIS||ADJ||Masc,Sing,Acc
grant|grant4|grant|GRANDIS||ADJ||Fem,Sing
grant|grant5|grant|GRANDIS||ADJ||Fem,Plur
gregierent|gregierent||||||
grelles|grelles|graisle|GRACILIS||NOUN||Masc,Plur,Acc
grepies|grepies|guerpir|*WERPJAN||VERB|compTens|Ind,Part,Past,Plur,Fem,MWEs
grese|grese|Grèce|||PROPN||Fem,Sing
gresois|gresois1|gregois|GRAECUS||ADJ|Noun|Masc,Plur,Acc
gresois|gresois2|gregois|GRAECUS||ADJ|Noun|Masc,Plur,Nom
gresse|gresse|Grèce|||PROPN||Fem,Sing
grevés|grevés|grever|GRAVARE||VERB|compPass|Ind,Part,Past,Plur,Masc,MWEs
guerre|guerre|guerre|*WERRA||NOUN||Fem,Sing
guerroier|guerroier|guerroiier2|*WERRA||VERB||Ind,Inf,Pres,Intr
guia|guia|guiier|*WîTAN||VERB||Fin,Ind,Past,Act,Trans,3,Sing
guierai|guierai|guiier|*WîTAN||VERB||Fin,Ind,Fut,Act,Trans,1,Sing
guise|guise|guise|*WîSA||NOUN||Fem,Sing
hardiement|hardiement|hardement1|*HARDJAN||ADV||Man
hardis|hardis|hardi|*HARDJAN||ADJ||Masc,Plur,Acc
hardis|hardis1|hardi|*HARDJAN||ADJ||Masc,Plur,Nom
henemis|henemis|enemi|INIMICUS||NOUN||Masc,Plur,Acc
henor|henor|onor|HONOS||NOUN||Masc,Sing,Acc
henor|henor1|onor|HONOS||NOUN||Fem,Sing
hercules|hercules|Hercule|||PROPN||Masc,Sing,Nom
hercules|hercules1|Hercule|||PROPN||Masc,Sing,Acc
hiaume|hiaume|heaume|*HELM||NOUN||Masc,Sing,Acc
hiaumes|hiaumes|heaume|*HELM||NOUN||Masc,Sing,Acc
ho|ho|avuec|AB HOC||ADP||
hocire|hocire|ocire|OCCIDERE||VERB||Ind,Inf,Pres,Act,Trans
hocis|hocis|ocire|OCCIDERE||VERB||Ind,Part,Past,Plur,Masc
hocistrent|hocistrent|ocire|OCCIDERE||VERB||Fin,Ind,Past,Act,Trans,3,Plur
hocit|hocit|ocire|OCCIDERE||VERB||Fin,Ind,Pres,Act,Trans,3,Sing
hocïent|hocïent|ocire|OCCIDERE||VERB||Fin,Ind,Pres,Act,Trans,3,Plur
hocïoient|hocïoient|ocire|OCCIDERE||VERB||Fin,Ind,Imp,Act,Trans,3,Plur
hoient|hoient|avoir|HABERE||VERB|auxTens|Fin,Ind,Past,3,Plur,MWEs
hom|hom|ome|HOMO||NOUN||Masc,Sing,Nom
home|home|ome|HOMO||NOUN||Masc,Sing,Nom
homes|homes|ome|HOMO||NOUN||Masc,Plur,Nom
honir|honir|honir|*HAUNJAN||VERB||Ind,Inf,Pres,Act,Trans
honora|honora|onorer|HONORARE||VERB||Fin,Ind,Past,Act,Trans,3,Sing
honoree|honoree|onorer|HONORARE||VERB|compPass|Ind,Part,Past,Sing,Fem,MWEs
honoreement|honoreement|onoreement|HONORARE||ADV||Man
hont|hont|avoir|HABERE||VERB|auxTens|Fin,Ind,Pres,3,Plur,MWEs
honte|honte|honte|*HAUNIþA||NOUN||Fem,Sing
honteusement|honteusement|hontosement|*HAUNIþA||ADV||Man
hor|hor|or4|HORA||ADV||Tim
hor|hor1|or1|AURUM||NOUN||Masc,Sing,Acc
hordena|hordena|ordener|ORDINARE||VERB||Fin,Ind,Past,Act,Trans,3,Sing
hordener|hordener|ordener|ORDINARE||VERB||Ind,Inf,Pres,Act,Trans
hore|hore|or4|HORA||ADV||Tim
hore|hore1|ore3|HORA||NOUN||Fem,Sing
horent|horent|avoir|HABERE||VERB||Fin,Ind,Pres,Act,Trans,3,Plur
horent|horent1|avoir|HABERE||VERB|auxTens|Fin,Ind,Past,3,Plur,MWEs
horois|horois|öir|AUDIRE||VERB||Fin,Ind,Fut,Act,Trans,2,Plur
hosels|hosels|oisel|AUCELLUS||NOUN||Masc,Plur,Nom
hosi|hosi|issir|EXIRE||VERB||Fin,Ind,Past,Intr,3,Sing
hosirent|hosirent|issir|EXIRE||VERB||Fin,Ind,Past,Intr,3,Plur
hot|hot|avoir|HABERE||VERB|auxTens|Fin,Ind,Past,3,Sing,MWEs
hot|hot2|avoir|HABERE||VERB||Fin,Ind,Past,Intr,3,Sing
houtreement|houtreement|outreement|ULTRA||ADV||
hovre|hovre|uevre|OPERA||NOUN||Fem,Sing
hoï|hoï|öir|AUDIRE||VERB||Fin,Ind,Past,Act,Trans,3,Sing
hoïrent|hoïrent|öir|AUDIRE||VERB||Fin,Ind,Past,Act,Trans,3,Plur
hoïsiéz|hoïsiéz||||||
i|i|i2|HIC||PRON||
il|il|il|ILLE||PRON||Prs,3,Masc,Sing,Nom
il|il1|il|ILLE||PRON||Prs,3,Masc,Plur,Nom
il|il2|il|ILLE||PRON||Prs,3,Neut,Sing,Nom
iriéz|iriéz|irier|IRA||VERB|Adj|Ind,Part,Past,Sing,Masc
irons|irons|aler (GDC)|AMBULARE||VERB||Fin,Ind,Fut,Intr,1,Plur
isi|isi|ici|HIC||ADV||Loc
isillier|isillier|essillier|EXCIDIUM||VERB||Ind,Inf,Pres,Act,Trans
ja|ja|ja|JAM||ADV||
jamés|jamés|ja|JAM||ADV||Tim
jason|jason|Jason|||PROPN||Masc,Sing,Nom
jason|jason1|Jason|||PROPN||Masc,Sing,Acc
je|je|je|EGO||PRON||Prs,1,Sing,Nom
jeter|jeter|jeter|JACTARE||VERB||Ind,Inf,Pres,Act,Trans
joiant|joiant|joir|GAUDERE||VERB|Adj|Ind,Part,Pres
joie|joie|joie|GAUDIUM||NOUN||Fem,Sing
joios|joios|joios|GAUDIUM||ADJ||Masc,Sing,Nom
jor|jor|jor|DIURNUM||NOUN||Masc,Sing,Acc
jor|jor1|jor|DIURNUM||NOUN||Masc,Sing,Nom
jors|jors|jor|DIURNUM||NOUN||Masc,Plur,Acc
jurés|jurés|jurer|JURARE||VERB|compTens|Ind,Part,Past,Sing,Masc,MWEs
jusqe|jusqe|jusque|USQUE||ADP||
la|la|le|ILLE||DET||ArtDef,Fem,Sing
la|la1|le|ILLE||PRON||Prs,3,Fem,Sing,Acc
la_qels|la_qels|quel1|QUALIS||PRON||Rel,Fem,Sing
laise|laise|laissier|LAXARE||VERB||Fin,Ind,Pres,Act,Trans,3,Sing
laiserons|laiserons|laissier|LAXARE||VERB||Fin,Ind,Fut,Act,Trans,1,Plur
laisons|laisons|laissier|LAXARE||VERB||Fin,Ind,Pres,Act,Trans,1,Plur
laisse|laisse|laissier|LAXARE||VERB||Fin,Ind,Pres,Intr,3,Sing
laissent|laissent|laissier|LAXARE||VERB||Fin,Ind,Pres,Act,Trans,3,Plur
laisserent|laisserent|laissier|LAXARE||VERB||Fin,Ind,Past,Act,Trans,3,Plur
lance|lance|lance|LANCEA||NOUN||Fem,Sing
lances|lances|lance|LANCEA||NOUN||Fem,Plur
lancies|lancies|lance|LANCEA||NOUN||Fem,Plur
laomedon|laomedon|Laomedon|||PROPN||Masc,Sing,Nom
laomedon|laomedon1|Laomedon|||PROPN||Masc,Sing,Acc
largement|largement|lergement|LARGUS||ADV||Man
las|las1|las|LASSUS||ADJ||Masc,Plur,Nom
laësse|laësse|lëece|LAETITIA||NOUN||Fem,Sing
le|le|le|ILLE||DET||ArtDef,Masc,Sing
le|le1|le|ILLE||DET||ArtDef,Masc,Plur
le|le3|le|ILLE||DET||ArtDef,Fem,Plur
le|le4|le|ILLE||PRON||Prs,3,Masc,Sing,Acc
le|le5|le|ILLE||PRON||Prs,3,Masc,Plur,Acc
le|le6|le|ILLE||PRON||Prs,3,Neut,Sing,Acc
le_petit_pas|le_petit_pas|pas|PASSUS1||NOUN|Adv|Masc,Sing,Nom
les|les|le|ILLE||DET||ArtDef,Masc,Plur
les|les1|le|ILLE||DET||ArtDef,Fem,Plur
les|les4|le|ILLE||PRON||Prs,3,Masc,Plur,Acc
les|les5|le|ILLE||PRON||Prs,3,Fem,Plur,Acc
leu|leu|lieu|LOCUS||NOUN||Masc,Sing,Acc
leus|leus|lieu|LOCUS||NOUN||Masc,Plur,Acc
leva|leva|lever|LEVARE||VERB||Fin,Ind,Past,Rfl,3,Sing
levee|levee|lever|LEVARE||VERB|compPass|Ind,Part,Past,Sing,Fem,MWEs
leverent|leverent|lever|LEVARE||VERB||Fin,Ind,Past,Act,Trans,3,Plur
li|li|le|ILLE||DET||ArtDef,Masc,Sing
li|li1|le|ILLE||DET||ArtDef,Masc,Plur
li|li2|li|ILLE||PRON||Prs,3,Masc,Sing,Acc
li|li4|li|ILLE||PRON||Prs,3,Masc,Plur,Acc
lion|lion|lïon|LEO||NOUN||Masc,Sing,Nom
lisant|lisant|lire1|LEGERE||VERB||Ind,Part,Pres,Act,Trans
livre|livre1|livre2|LIBER2||NOUN||Masc,Sing,Acc
lié|lié|lié1|LAETUS||ADJ||Masc,Sing,Nom
liés|liés|lié1|LAETUS||ADJ||Masc,Sing,Nom
loier|loier|loiier|LOCARIUM||NOUN||Masc,Sing,Acc
loins|loins|loing|LONGE||ADV||Loc
longuement|longuement|longement|LONGUS||ADV||
lor|lor1|lor3|ILLE||DET||Poss,Masc,Sing,Acc
lor|lor2|lor3|ILLE||DET||Poss,Fem,Sing
lor|lor3|lors|HORA||ADV||
lor|lor4|lor2|ILLE||PRON||Prs,3,Plur,Acc
lor|lor5|lor3|ILLE||DET||Poss,Fem,Plur
lor|lor6|lor3|ILLE||DET||Poss,Masc,Plur,Acc
lor|lor7|lor3|ILLE||DET||Poss,Masc,Plur,Nom
los|los|los|LAUS||NOUN||Masc,Sing,Acc
lou|lou|löer1|LAUDARE||VERB||Fin,Ind,Pres,Act,Trans,1,Sing
lous|lous|lou|LUPUS||NOUN||Masc,Sing,Nom
loënges|loënges|löenge|LAUDARE||NOUN||Fem,Plur
lui|lui|lui|ILLE||PRON||Prs,3,Sing,Acc
lune|lune|lune|LUNA||NOUN||Fem,Sing
là|là|là|ILLAC||ADV||Loc
là_où|là_où|là|ILLAC||ADV|Adv|Loc,MWEs
l’|l’|le|ILLE||DET||ArtDef,Masc,Sing
l’|l’1|le|ILLE||DET||ArtDef,Fem,Sing
l’|l’4|le|ILLE||PRON||Prs,3,Fem,Sing,Acc
l’|l’5|le|ILLE||PRON||Prs,3,Masc,Sing,Acc
l’|l’7|le|ILLE||PRON||Prs,3,Fem,Plur,Acc
m|m|mil1|MILLE||NUM||Card
main|main|main2|MANUS||NOUN||Fem,Sing
mainere|mainere|maniere|MANUARIUS||NOUN||Fem,Sing
mainiere|mainiere|maniere|MANUARIUS||NOUN||Fem,Sing
mains|mains|main2|MANUS||NOUN||Fem,Plur
maint|maint|maint|*MANIGIþô-||DET||Ind,Masc,Plur,Nom
maint|maint1|maint|*MANIGIþô-||DET||Ind,Masc,Plur,Acc
maintenant|maintenant|maintenant|MANU TENERE||ADV||Tim
maintes|maintes1|maint|*MANIGIþô-||DET||Ind,Masc,Plur,Acc
maintes|maintes3|maint|*MANIGIþô-||DET||Ind,Fem,Plur
maisnee|maisnee|maisniee|MANSIO||NOUN||Fem,Sing
maisons|maisons|maison|MANSIO||NOUN||Fem,Plur
maistres|maistres|maistre|MAGISTER||NOUN||Masc,Plur,Nom
malement|malement|malement|MALUS||ADV||Man
maniere|maniere|maniere|MANUARIUS||NOUN||Fem,Sing
marine|marine|marine|MARINUS||NOUN||Fem,Sing
masons|masons|maison|MANSIO||NOUN||Fem,Plur
maumis|maumis1|maumettre|MITTERE||VERB|compTens|Ind,Part,Past,Plur,Masc,MWEs
me|me|moi|ME||PRON||Prs,1,Sing,Acc
meillor|meillor2|meillor|MELIOR||ADJ||Masc,Plur,Acc,Cmp
meillors|meillors|meillor|MELIOR||ADJ|Noun|Masc,Plur,Nom,Cmp
menbres|menbres||||||
mener|mener|mener|MINARE||VERB||Ind,Inf,Pres,Act,Trans
mer|mer|mer|MARE||NOUN||Fem,Sing
merci|merci1|merci|MERCES||NOUN||Fem,Sing
mercia|mercia|mercïer|MERCES||VERB||Fin,Ind,Past,Act,Trans,3,Sing
mercis|mercis|merci|MERCES||NOUN||Fem,Sing
mervoille|mervoille|merveille|MIRABILIA||NOUN||Fem,Sing
mervoilleus|mervoilleus|merveillos|MIRABILIA||ADJ||Masc,Sing,Nom
mervoilleuse|mervoilleuse|merveillos|MIRABILIA||ADJ||Fem,Sing
mervoilleusement|mervoilleusement|merveillosement|MIRABILIA||ADV||Man
mes|mes|mais1|MAGIS2||CCONJ||
mesaje|mesaje|message2|MITTERE||NOUN||Masc,Sing,Nom
meslee|meslee|meslee|MISCULARE||NOUN||Fem,Sing
messaje|messaje|message2|MITTERE||NOUN||Masc,Sing,Nom
meïsmement|meïsmement|mëismement|IPSE||ADV||
meïsmes|meïsmes1|mëisme|IPSE||DET||Ind,Masc,Sing,Acc
meü|meü|movoir|MOVERE||VERB|compTens|Ind,Part,Past,Plur,Masc,MWEs
miels|miels|mieus|MELIOR||ADV||Cmp
mil|mil|mil1|MILLE||NUM||Card
milliers|milliers|milier|MILLE||NOUN||Masc,Plur,Acc
mis|mis1|metre2|MITTERE||VERB|compPass|Ind,Part,Past,Plur,Masc,MWEs
mis|mis3|metre2|MITTERE||VERB|compPass|Ind,Part,Past,Sing,Masc,MWEs
mise|mise|metre2|MITTERE||VERB|compTens|Ind,Part,Past,Sing,Fem,MWEs
mist|mist1|metre2|MITTERE||VERB||Fin,Ind,Past,Rfl,3,Sing
mistrent|mistrent|metre2|MITTERE||VERB||Fin,Ind,Past,Rfl,3,Plur
mistrent|mistrent1|metre2|MITTERE||VERB||Fin,Ind,Past,Act,Trans,3,Plur
mois|mois|mois|MENSIS||NOUN||Masc,Sing,Acc
mois|mois1|mois|MENSIS||NOUN||Masc,Sing,Nom
moitiez|moitiez|moitié|MEDIETAS||NOUN||Fem,Plur
monde|monde1|monde1|MUNDUS1||NOUN||Masc,Sing,Acc
mondre|mondre||||||
montés|montés|monter|*MONTARE||VERB|compTens|Ind,Part,Past,Sing,Masc,MWEs
morirent|morirent|morir|MORI||VERB||Fin,Ind,Past,Intr,3,Plur
mors|mors|morir|MORI||VERB|compTens|Ind,Part,Past,Plur,Masc,MWEs
mors|mors1|morir|MORI||VERB|compTens|Ind,Part,Past,Sing,Masc,MWEs
mort|mort3|morir|MORI||VERB|Adj|Ind,Part,Past,Sing,Masc
mortel|mortel|mortel|MORTALIS||ADJ||Fem,Sing
mortels|mortels1|mortel|MORTALIS||ADJ||Fem,Plur
morut|morut|morir|MORI||VERB||Fin,Ind,Past,Intr,3,Sing
mostrer|mostrer|mostrer|MONSTRARE||VERB||Ind,Inf,Pres,Act,Trans
mot|mot|mot|MUTTUM||NOUN||Masc,Sing,Acc
moult|moult|mout|MULTUS||ADV||
moustrer|moustrer|mostrer|MONSTRARE||VERB||Ind,Inf,Pres,Act,Trans
mues|mues|mu1|MUTUS||ADJ||Fem,Plur
mult|mult|mout|MULTUS||ADV||
multiplia|multiplia|moutepliier|MULTIPLICARE||VERB||Fin,Ind,Past,Intr,3,Sing
muolt|muolt||||||
murs|murs|mur|MURUS||NOUN||Masc,Plur,Acc
murs|murs1|mur|MURUS||NOUN||Masc,Plur,Nom
més|més|mais1|MAGIS2||ADV||
nagerent|nagerent|nagier|NAVIGARE||VERB||Fin,Ind,Past,Intr,3,Plur
nagier|nagier|nagier|NAVIGARE||VERB||Ind,Inf,Pres,Intr
nasiment|nasiment|naissement|NASCI||NOUN||Masc,Sing,Acc
navie|navie|navie|NAVIGIUM||NOUN||Fem,Sing
navrés|navrés|navrer|*NAFRA||VERB|compPass|Ind,Part,Past,Plur,Masc,MWEs
navréz|navréz|navrer|*NAFRA||VERB|compPass|Ind,Part,Past,Sing,Masc,MWEs
ne|ne|ne1|NON||ADV||Neg
nef|nef1|nef2|NAVIS||NOUN||Fem,Plur
neis|neis|nëis|NEC||ADV||Neg
nen|nen|non|NON||ADV||Neg
nes|nes1|nef2|NAVIS||NOUN||Fem,Plur
nes|nes2|nef2|NAVIS||NOUN||Fem,Sing
nestor|nestor|Nestor|||PROPN||Masc,Sing,Acc
nestor|nestor1|Nestor|||PROPN||Masc,Sing,Nom
ni|ni|ne2|NEC||CCONJ||
ni|ni1|ne1|NON||ADV||Neg
noise|noise|noise|NAUSEA||NOUN||Fem,Sing
non|non|non|NON||ADV||Neg
nos|nos|nos|NOS||PRON||Prs,1,Plur,Nom
nos|nos1|nos|NOS||PRON||Prs,1,Plur,Acc
nos|nos3|nos|NOSTER||DET||Poss,Fem,Plur
nos|nos4|nos|NOSTER||DET||Poss,Masc,Plur,Acc
nostre|nostre|nostre|NOSTER||DET||Poss,Fem,Sing
nostre|nostre2|nostre|NOSTER||DET||Poss,Masc,Sing,Nom
nue|nue|nu|NUDUS||ADJ||Fem,Sing
nuit|nuit|nuit|NOX||NOUN||Fem,Sing
nulle|nulle|nul|NULLUS||DET||Ind,Fem,Sing
nuls|nuls|nul|NULLUS||DET||Ind,Masc,Sing,Nom
nus|nus|nul|NULLUS||PRON||Ind,Masc,Sing,Nom
n’|n’|ne1|NON||ADV||Neg
n’|n’1|en2|INDE||PRON||
o|o|o4|APUD||ADP||
ocire|ocire|ocire|OCCIDERE||VERB||Ind,Inf,Pres,Act,Trans
ocis|ocis|ocire|OCCIDERE||VERB|compTens|Ind,Part,Past,Sing,Masc,MWEs
ocist|ocist|ocire|OCCIDERE||VERB||Fin,Ind,Past,Act,Trans,3,Sing
ofrandes|ofrandes|ofrende|OFFERRE||NOUN||Fem,Plur
ont|ont1|avoir|HABERE||VERB|auxTens|Fin,Ind,Pres,3,Plur,MWEs
or|or|or4|HORA||ADV||Tim
ore|ore|ore1|AURA||NOUN||Masc,Sing,Nom
ore|ore2|or4|HORA||ADV||Tim
orent|orent|avoir|HABERE||VERB||Fin,Ind,Past,Act,Trans,3,Plur
orent|orent1|avoir|HABERE||VERB|auxTens|Fin,Ind,Past,3,Plur,MWEs
ot|ot|avoir|HABERE||VERB||Fin,Ind,Past,Act,Trans,3,Sing
ot|ot1|avoir|HABERE||VERB|auxTens|Fin,Ind,Past,3,Sing,MWEs
ot|ot2|avoir|HABERE||VERB||Fin,Ind,Past,Intr,3,Sing
otroia|otroia|otroiier|*AUCTORIZARE||VERB||Fin,Ind,Past,Act,Trans,3,Sing
otroierent|otroierent|otroiier|*AUCTORIZARE||VERB||Fin,Ind,Past,Act,Trans,3,Plur
oulifant|oulifant|olifant|ELEPHAS||NOUN||Masc,Sing,Acc
outreement|outreement|outreement|ULTRA||ADV||
oïssi|oïssi|issir|EXIRE||VERB||Fin,Ind,Past,Rfl,3,Sing
oïst|oïst|öir|AUDIRE||VERB||Fin,Sub,Imp,Act,Trans,3,Sing
où|où|où|UBI||PRON||Rel
pailés|pailés|paile|PALLIUM||NOUN||Masc,Plur,Acc
paint|paint||||||
paor|paor|pëor|PAVOR||NOUN||Fem,Sing
par|par|par|PER||ADP||
parche|parche|Parche|||PROPN||Fem,Sing
parens|parens|parent|PARENS||NOUN||Masc,Sing,Nom
parla|parla|parler|PARABOLARE||VERB||Fin,Ind,Past,Intr,3,Sing
parlement|parlement|parlement|PARABOLARE||NOUN||Masc,Sing,Acc
parler|parler|parler|PARABOLARE||VERB||Ind,Inf,Pres,Intr
parlé|parlé|parler|PARABOLARE||VERB|compTens|Ind,Part,Past,Sing,Masc,MWEs
parmi|parmi|parmi|MEDIUS||ADP||
paroille|paroille|parole|PARABOLA||NOUN||Fem,Sing
parole|parole|parler|PARABOLARE||VERB||Fin,Ind,Pres,Intr,3,Sing
part|part|part1|PARS||NOUN||Fem,Sing
part|part1|partir|PARTIRE||VERB||Fin,Ind,Pres,Act,Trans,3,Sing
parti|parti|partir|PARTIRE||VERB||Fin,Ind,Past,Rfl,3,Sing
partie|partie|partie|PARTIRE||NOUN||Fem,Sing
partie|partie1|partir|PARTIRE||VERB|compPass|Ind,Part,Past,Sing,Fem,MWEs
partirent|partirent|partir|PARTIRE||VERB||Fin,Ind,Past,Rfl,3,Plur
partirent|partirent1|partir|PARTIRE||VERB||Fin,Ind,Past,Act,Trans,3,Plur
partis|partis|partir|PARTIRE||VERB|compTens|Ind,Part,Past,Plur,Masc,MWEs
pas|pas|pas|PASSUS1||PART||Neg
pasaje|pasaje||||||
passer|passer|passer1|*PASSARE||VERB||Ind,Inf,Pres,Act,Trans
païs|païs|päis|PAGENSIS||NOUN||Masc,Sing,Acc
païs|païs1|päis|PAGENSIS||NOUN||Masc,Sing,Nom
païs|païs2|päis|PAGENSIS||NOUN||Masc,Plur,Acc
pelleu|pelleu|Pelleus|||PROPN||Masc,Sing,Nom
pelleus|pelleus|Pelleus|||PROPN||Masc,Sing,Nom
pelleus|pelleus1|Pelleus|||PROPN||Masc,Sing,Acc
pensees|pensees|penser|PENSARE||VERB|compTens|Ind,Part,Past,Plur,Fem,MWEs
penser|penser|penser|PENSARE||VERB||Ind,Inf,Pres,Intr
penseront|penseront|penser|PENSARE||VERB||Fin,Ind,Fut,Act,Trans,3,Plur
perdirent|perdirent|perdre|PERDERE||VERB||Fin,Ind,Past,Act,Trans,3,Plur
perte|perte|perte|PERDERE||NOUN||Fem,Sing
pesa|pesa|peser|PENSARE||VERB||Fin,Ind,Past,Intr,3,Sing
pesmés|pesmés|pesme|PESSIMUS||ADJ||Fem,Sing,Sup
petis|petis|petit|*PETTITTUS||ADJ||Masc,Plur,Acc
petit|petit|petit|*PETTITTUS||ADJ||Masc,Sing,Acc
peüssent|peüssent|pöoir|POSSE||VERB|auxMod|Fin,Sub,Imp,3,Plur
piece|piece|piece|*PETTIA||NOUN||Fem,Sing
pieres|pieres|piere|PETRA||NOUN||Fem,Plur
pitié|pitié|pitié|PIETAS||NOUN||Fem,Sing
pitiés|pitiés|pitié|PIETAS||NOUN||Fem,Plur
plaines|plaines|plein|PLENUS||ADJ||Fem,Plur
plains|plains|plein|PLENUS||ADJ||Masc,Sing,Nom
plaint|plaint|plaindre|PLANGERE||VERB||Fin,Ind,Pres,Rfl,3,Sing
plainte|plainte|plainte|PLANGERE||NOUN||Fem,Sing
plaisir|plaisir|plaisir|PLACERE||NOUN||Masc,Sing,Acc
plangnoient|plangnoient|plaindre|PLANGERE||VERB||Fin,Ind,Imp,Intr,3,Plur
plore|plore|plorer|PLORARE||VERB||Fin,Ind,Pres,Intr,3,Sing
plus|plus|plus|PLUS||ADV||
plus_de|plus_de|plus|PLUS||ADV|Adv|MWEs
plusor|plusor|plusor|PLURIORES||DET||Ind,Masc,Plur,Acc
poi|poi|poi|PAUCUS||ADV||
poi_de|poi_de|poi|PAUCUS||ADV|Adv|MWEs
poi_d’|poi_d’|poi|PAUCUS||ADV|Adv|MWEs
poient|poient|pöoir|POSSE||VERB||Fin,Ind,Imp,Intr,3,Plur
poiront|poiront|pöoir|POSSE||VERB|auxMod|Fin,Ind,Fut,3,Plur
poisiés|poisiés|pöoir|POSSE||VERB|auxMod|Fin,Sub,Pres,2,Plur
pollus|pollus|Pollus|||PROPN||Masc,Sing,Acc
por|por|por2|PRO||ADP||
por_ce|por_ce||||||
por_ce_qe|por_ce_qe|por2|PRO||ADP|SConj |MWEs
por_ce_q’|por_ce_q’|por2|PRO||ADP|SConj |MWEs
por_qoi|por_qoi|por2|PRO/QUID||ADV||Int
porchas|porchas|porchaz|*CAPTIARE||NOUN||Masc,Sing,Acc
porent|porent1|pöoir|POSSE||VERB|auxMod|Fin,Ind,Past,3,Plur
porroit|porroit|pöoir|POSSE||VERB|auxMod|Fin,Cnd,Pres,3,Sing
port|port|port|PORTUS||NOUN||Masc,Sing,Acc
porter|porter|porter|PORTARE||VERB||Ind,Inf,Pres,Act,Trans
portes|portes|porte1|PORTA||NOUN||Fem,Plur
premiere|premiere|premier|PRIMARIUS||ADJ||Fem,Sing
premierement|premierement|premierement|PRIMARIUS||ADV||
prendre|prendre|prendre|PREHENDERE||VERB||Ind,Inf,Pres,Act,Trans
pres|pres||||||
preuz|preuz|pro|PRODE||ADJ||Masc,Sing,Nom
pri|pri|priier|PRECARI||VERB||Fin,Ind,Pres,Act,Trans,1,Sing
pria|pria|priier|PRECARI||VERB||Fin,Ind,Past,Act,Trans,3,Sing
prime|prime|prim|PRIMUS||NOUN|Adv|Fem,Sing
pris|pris|prix|PRETIUM||NOUN||Masc,Sing,Acc
prise|prise|prendre|PREHENDERE||VERB|compPass|Ind,Part,Past,Sing,Fem,MWEs
prise|prise1|prendre|PREHENDERE||VERB|compTens|Ind,Part,Past,Sing,Fem,MWEs
priveement|priveement|priveement|PRIVATUS||ADV||Man
proia|proia|priier|PRECARI||VERB||Fin,Ind,Past,Act,Trans,3,Sing
proier|proier|priier|PRECARI||VERB||Ind,Inf,Pres,Act,Trans
promis|promis|prometre|PROMITTERE||VERB|compTens|Ind,Part,Past,Sing,Masc,MWEs
proësse|proësse|pröece|PRODE||NOUN||Fem,Sing
près_de|près_de|près|PRESSE||ADP|Adp|MWEs
puet|puet|pöoir|POSSE||VERB|auxMod|Fin,Ind,Pres,3,Sing
puis|puis|puis|POSTEA||ADV||Tim
puis_aprés|puis_aprés|après|AD PRESSUM||ADV|Adv|Tim,MWEs
puis_qe|puis_qe|puis|POSTEA||ADV|SConj |Tim,MWEs
puis_q’|puis_q’|plus|POSTEA||ADV|SConj |Tim,MWEs
puissant|puissant|poissant|POSSE||ADJ||Masc,Sing,Nom
pulcelles|pulcelles|pucele|*PULLICELLA||NOUN||Fem,Plur
q|q||||||
qantité|qantité|cantité|QUANTITAS||NOUN||Fem,Sing
qe|qe|queque|QUID||PRON||Rel,Nom
qe|qe1|queque|QUID||PRON||Rel,Acc
qe|qe3|queque|QUID||SCONJ||
qi|qi|qui|QUI||PRON||Rel,Nom
qi|qi1|queque|QUID||SCONJ||
qi|qi2|qui|QUI||PRON||Rel,Acc
qi|qi4|qui|QUI||PRON||Int,Sing,Nom
qoi|qoi|coi2|QUID||PRON||Rel,Acc
quant|quant|cant1|QUANDO||SCONJ||
que|que|queque|QUID||SCONJ||
qui|qui|qui|QUI||PRON||Rel,Nom
qui|qui1|queque|QUID||SCONJ||
qé|qé||||||
q’|q’|queque|QUID||PRON||Rel,Acc
q’|q’1|queque|QUID||SCONJ||
raconter|raconter|raconter|COMPUTARE||VERB||Ind,Inf,Pres,Act,Trans
ralier|ralier|raliier|LIGARE||VERB||Ind,Inf,Pres,Act,Trans
raliés|raliés|raliier|LIGARE||VERB|compPass|Ind,Part,Past,Plur,Masc,MWEs
ramentoir|ramentoir|ramentevoir|MENTE HABERE||VERB||Ind,Inf,Pres,Act,Trans
randon|randon|randon|RAND||NOUN||Masc,Sing,Acc
re|re|roi|REX||NOUN||Masc,Sing,Nom
re|re1|X|X||X||
re_porre|re_porre||||||
receivent|receivent|recevoir|RECIPERE||VERB||Fin,Ind,Pres,Act,Trans,3,Plur
receüe|receüe|recevoir|RECIPERE||VERB|compTens|Ind,Part,Past,Sing,Fem,MWEs
receürent|receürent|recevoir|RECIPERE||VERB||Fin,Ind,Past,Act,Trans,3,Plur
receüz|receüz|recevoir|RECIPERE||VERB|compPass|Ind,Part,Past,Plur,Masc,MWEs
recoilli|recoilli1|recoillir|COLLIGERE||VERB|compTens|Ind,Part,Past,Sing,Masc,MWEs
recoillirent|recoillirent1|recoillir|COLLIGERE||VERB||Fin,Ind,Past,Act,Trans,3,Plur
recoillis|recoillis1|recoillir|COLLIGERE||VERB|compPass|Ind,Part,Past,Plur,Masc,MWEs
recut|recut|recevoir|RECIPERE||VERB||Fin,Ind,Past,Act,Trans,3,Sing
regarder|regarder|regarder|*WARDôN||VERB||Ind,Inf,Pres,Act,Trans
reigne|reigne|regne|REGNUM||NOUN||Masc,Sing,Acc
remest|remest|remaindre|REMANERE||VERB||Fin,Ind,Past,Intr,3,Sing
remuer|remuer|remüer|MUTARE||VERB||Ind,Inf,Pres,Act,Trans
rendirent|rendirent|rendre|REDDERE||VERB||Fin,Ind,Past,Act,Trans,3,Plur
rent|rent|renc|HRING||NOUN||Masc,Sing,Acc
repostailles|repostailles|repostaille|REPONERE||NOUN||Fem,Plur
repostrent|repostrent|reposter (GD)|REPONERE||VERB||Fin,Ind,Past,Rfl,3,Plur
reposés|reposés|reposer|REPAUSARE||VERB|Adj|Ind,Part,Past,Plur,Masc
reqerre|reqerre|requerre|REQUIRERE||VERB||Ind,Inf,Pres,Act,Trans
reqis|reqis|requerre|REQUIRERE||VERB||Fin,Ind,Past,Act,Trans,3,Sing
reqist|reqist|requerre|REQUIRERE||VERB||Fin,Ind,Past,Act,Trans,3,Sing
requeste|requeste|request|REQUIRERE||NOUN||Fem,Sing
res|res||||||
reseürent|reseürent|recevoir|RECIPERE||VERB||Fin,Ind,Past,Act,Trans,3,Plur
respondi|respondi|respondre1|RESPONDERE||VERB||Fin,Ind,Past,Intr,3,Sing
retentir|retentir|retentir|TINNIRE||VERB||Ind,Inf,Pres,Act,Trans
retentir|retentir1|retentir|TINNIRE||VERB|Noun|Ind,Inf,Pres
retor|retor||||||
retornés|retornés|retorner|TORNARE||VERB|compTens|Ind,Part,Past,Sing,Masc,MWEs
retraïst|retraïst|retraire|RETRAHERE||VERB||Fin,Ind,Past,Act,Trans,3,Sing
retrest|retrest|retraire|RETRAHERE||VERB||Fin,Ind,Pres,Act,Trans,3,Sing
riche|riche|riche|RîKI||ADJ||Fem,Sing
richement|richement|richement|RîKI||ADV||Man
riches|riches|riche|RîKI||ADJ||Fem,Plur
riches|riches1|riche|RîKI||ADJ||Masc,Plur,Nom
riches|riches2|riche|RîKI||ADJ||Masc,Plur,Acc
richesse|richesse|richece|RîKI||NOUN||Fem,Sing
rivages|rivages|rivage2|RIPA||NOUN||Masc,Sing,Acc
rivaje|rivaje|rivage2|RIPA||NOUN||Masc,Sing,Acc
roberent|roberent|rober|*RAUBôN ||VERB||Fin,Ind,Past,Act,Trans,3,Plur
roi|roi|roi|REX||NOUN||Masc,Sing,Nom
roi|roi1|roi|REX||NOUN||Masc,Sing,Acc
rois|rois1|roi|REX||NOUN||Masc,Plur,Nom
rois|rois2|roi|REX||NOUN||Masc,Plur,Acc
roïne|roïne|röine1|REGINA||NOUN||Fem,Sing
rues|rues|rüe2|RUGA||NOUN||Fem,Plur
ruine|ruine|rüine|RUINA||NOUN||Fem,Sing
sa|sa|suen|SUUS||DET||Poss,Fem,Sing
sa_et_là|sa_et_là|ça|HAC||ADV|Adv|Loc,MWEs
sachés|sachés|savoir|SAPERE||VERB||Fin,Sub,Pres,Act,Trans,2,Plur
sacrefices|sacrefices|sacrefise|SACRIFICIUM||NOUN||Masc,Plur,Acc
sai|sai|savoir|SAPERE||VERB||Fin,Ind,Pres,Act,Trans,1,Sing
sailleront|sailleront|salir1|SALIRE||VERB||Fin,Ind,Fut,Intr,3,Plur
saillirent|saillirent|salir1|SALIRE||VERB||Fin,Ind,Past,Intr,3,Plur
saisies|saisies|saisir|*SAZJAN||VERB|compTens|Ind,Part,Past,Plur,Fem,MWEs
saisirons|saisirons|saisir|*SAZJAN||VERB||Fin,Ind,Fut,Act,Trans,1,Plur
saison|saison|saison|SATIO||NOUN||Fem,Sing
saje|saje|sage|SAPIDUS||ADJ||Masc,Sing,Nom
sajement|sajement|sagement|SAPIDUS||ADV||Man
sajes|sajes|sage|SAPIDUS||ADJ||Masc,Plur,Acc
salemine|salemine|Salemine|||PROPN||Fem,Sing
salemon|salemon1|Salomon|||PROPN||Masc,Sing,Acc
sans|sans|sans|SINE||ADP||
sanz|sanz|sans|SINE||ADP||
savoient|savoient|savoir|SAPERE||VERB||Fin,Ind,Imp,Act,Trans,3,Plur
savoir|savoir|savoir|SAPERE||VERB|Noun|Ind,Inf,Pres
savra|savra1|savoir|SAPERE||VERB|auxMod|Fin,Ind,Fut,3,Sing
savront|savront|savoir|SAPERE||VERB||Fin,Ind,Fut,Act,Trans,3,Sing
se|se|soi|SE||PRON||Prs,3,Sing,Acc
se|se1|soi|SE||PRON||Prs,3,Plur,Acc
se|se2|se|SI||SCONJ||
se|se4|ce1|HOC||PRON||Dem,Neut,Sing,Acc
se_qe|se_qe|ce1|HOC||PRON|Pron|Dem,Neut,Sing,Acc,MWEs
secore|secore|secorre1|SUCCURRERE||VERB||Ind,Inf,Pres,Act,Trans
secorre|secorre|secorre1|SUCCURRERE||VERB||Ind,Inf,Pres,Act,Trans
secors|secors|secors|SUCCURRERE||NOUN||Masc,Sing,Acc
segeon|segeon||||||
segonde|segonde|secont1|SECUNDUS||ADJ||Fem,Sing
seignors|seignors|seignor|SENIOR||NOUN||Masc,Plur,Nom
seignors|seignors2|seignor|SENIOR||NOUN||Masc,Sing,Acc
semos|semos|semondre|SUBMONERE||VERB|compTens|Ind,Part,Past,Plur,Masc,MWEs
senbla|senbla|sembler|SIMILARE||VERB||Fin,Ind,Past,Intr,3,Sing
senblant|senblant|semblant|SIMILARE||NOUN||Masc,Sing,Acc
senble|senble|sembler|SIMILARE||VERB||Fin,Ind,Pres,Intr,3,Sing
sera|sera|estre1|ESSE||VERB||Fin,Ind,Fut,Intr,3,Sing
sera|sera1|estre1|ESSE||VERB|auxPass|Fin,Ind,Fut,3,Sing,MWEs
seroit|seroit|estre1|ESSE||VERB|auxPass|Fin,Cnd,Pres,3,Sing,MWEs
seroit|seroit1|estre1|ESSE||VERB|auxCop|Fin,Cnd,Pres,3,Sing
serons|serons|estre1|ESSE||VERB|auxPass|Fin,Ind,Fut,1,Plur,MWEs
seront|seront|estre1|ESSE||VERB|auxPass|Fin,Ind,Fut,3,Plur,MWEs
seront|seront1|estre1|ESSE||VERB||Fin,Ind,Fut,Intr,3,Plur
serrés|serrés|serrer|SERARE||VERB|Adj|Ind,Part,Past,Plur,Masc
servaje|servaje|servage|SERVUS||NOUN||Masc,Sing,Acc
servir|servir|servir|SERVIRE||VERB||Ind,Inf,Pres,Act,Trans
servise|servise|servise|SERVITIUM||NOUN||Masc,Sing,Acc
serés|serés|estre1|ESSE||VERB|auxCop|Fin,Ind,Fut,2,Plur
ses|ses|suen|SUUS||DET||Poss,Masc,Plur,Nom
ses|ses1|suen|SUUS||DET||Poss,Masc,Plur,Acc
ses|ses2|suen|SUUS||DET||Poss,Fem,Plur
ses|ses3|ce|HOC||DET||Dem,Fem,Plur
set|set|savoir|SAPERE||VERB||Fin,Ind,Pres,Intr,3,Sing
seul|seul|sol1|SOLUS||ADJ||Masc,Sing,Acc
seulement|seulement|solement|SOLUS||ADV||
sez|sez|suen|SUUS||DET||Poss,Masc,Plur,Acc
seür|seür|sëur2|SECURUS||ADJ||Masc,Sing,Nom
si|si|si|SIC||ADV||
si|si2|ici|HIC||ADV||Loc
siche|siche|Siche|||PROPN||
sien|sien|suen|SUUS||DET||Poss,Masc,Sing,Acc
siglerent|siglerent|sigler|CINGLER2||VERB||Fin,Ind,Past,Intr,3,Plur
sire|sire|seignor|SENIOR||NOUN||Masc,Sing,Nom
soe|soe|suen|SUUS||DET||Poss,Fem,Sing
soi|soi|soi1|SE||PRON||Prs,3,Acc
soie|soie|soie3|SAETA||NOUN||Fem,Sing
soit|soit|estre1|ESSE||VERB||Fin,Sub,Pres,Intr,3,Sing
soit|soit2|estre1|ESSE||VERB|auxPass|Fin,Sub,Pres,3,Sing,MWEs
soleil|soleil|soleil|SOL||NOUN||Masc,Sing,Acc
son|son|suen|SUUS||DET||Poss,Masc,Sing,Nom
son|son1|suen|SUUS||DET||Poss,Masc,Sing,Acc
son|son2|suen|SUUS||DET||Poss,Masc,Plur,Acc
soner|soner||||||
sont|sont1|estre1|ESSE||VERB|auxCop|Fin,Ind,Pres,3,Plur
sont|sont3|estre1|ESSE||VERB|auxTens|Fin,Ind,Pres,3,Plur,MWEs
sor|sor|sor2|SUPER||ADP||
sors|sors|sor2|SUPER||ADP||
soufert|soufert|sofrir|SUFFERRE||VERB|compTens|Ind,Part,Past,Sing,Masc,MWEs
soufrir|soufrir|sofrir|SUFFERRE||VERB||Ind,Inf,Pres,Act,Trans
soumes|soumes|estre1|ESSE||VERB||Fin,Ind,Pres,Intr,1,Plur
soumes|soumes1|estre1|ESSE||VERB|auxTens|Fin,Ind,Pres,1,Plur,MWEs
souner|souner|soner|SONARE||VERB||Ind,Inf,Pres,Act,Trans
soëf|soëf|söef|SUAVIS||ADJ||Masc,Sing,Nom
soës|soës|söef|SUAVIS||ADJ||Fem,Sing
s’|s’|soi|SE||PRON||Prs,3,Sing,Acc
talemon|talemon|Talemon|||PROPN||Masc,Sing,Nom
talemon|talemon1|Talemon|||PROPN||Masc,Sing,Acc
tant|tant|tant|TANTUS||ADV||
tant_com|tant_com|tant|TANTUS||ADV|Adv|MWEs
tant_de|tant_de|tant|TANTUS||ADV|Adv|MWEs
tant_qu’|tant_qu’|tant|TANTUS||ADV|SConj |MWEs
tant_q’|tant_q’|tant|TANTUS||ADV|SConj |MWEs
tantos|tantos|tantost|TOSTUS||ADV||Tim
targier|targier|targier2|*TARDICARE||VERB||Ind,Inf,Pres,Intr
tel|tel|tel|TALIS||PRON||Ind,Masc,Sing,Nom
tel|tel2|tel|TALIS||DET||Ind,Masc,Sing,Acc
tel|tel6|tel|TALIS||DET||Ind,Fem,Sing
temple|temple|temple3|TEMPLUM||NOUN||Masc,Sing,Nom
temples|temples|temple3|TEMPLUM||NOUN||Masc,Plur,Acc
tendrés|tendrés|tenir1|TENERE||VERB||Fin,Ind,Fut,Act,Trans,2,Plur
tenoit|tenoit|tenir1|TENERE||VERB||Fin,Ind,Imp,Act,Trans,3,Sing
tenp|tenp|tens|TEMPS1||NOUN||Masc,Sing,Acc
tens|tens|tens|TEMPS1||NOUN||Masc,Sing,Nom
tenue|tenue|tenir1|TENERE||VERB|compPass|Ind,Part,Past,Sing,Fem,MWEs
tenue|tenue1|tenüe|TENERE||NOUN||Fem,Sing
tenus|tenus|tenir1|TENERE||VERB|compTens|Ind,Part,Past,Plur,Masc,MWEs
terce|terce|tierce|TERTIUS||ADJ||Fem,Sing
terre|terre|terre|TERRA||NOUN||Fem,Sing
terres|terres|terre|TERRA||NOUN||Fem,Plur
tesmoigne|tesmoigne|tesmoignier|TESTIMONIUM||VERB||Fin,Ind,Pres,Act,Trans,3,Sing
teu|teu1|tel|TALIS||DET||Ind,Masc,Sing,Acc
tierce|tierce|tierce|TERTIUS||ADJ|Noun|Fem,Sing
timulte|timulte|tumult|TUMULTUS||NOUN||Fem,Sing
tindrent|tindrent|tenir1|TENERE||VERB||Fin,Ind,Past,Act,Trans,3,Plur
tindrent|tindrent1|tenir1|TENERE||VERB||Fin,Ind,Past,Rfl,3,Plur
tint|tint|tenir1|TENERE||VERB||Fin,Ind,Past,Act,Trans,3,Sing
toison|toison|toison|TONSIO||NOUN||Fem,Sing
tonant|tonant|toner|TONARE||VERB|Adj|Ind,Part,Pres
tornast|tornast|torner|TORNARE||VERB||Fin,Sub,Imp,Intr,3,Sing
torner|torner|torner|TORNARE||VERB||Ind,Inf,Pres,Intr
torner|torner1|torner|TORNARE||VERB||Ind,Inf,Pres,Act,Trans
tornerent|tornerent|torner|TORNARE||VERB||Ind,Ind,Past,Intr,3,Plur
tornerons|tornerons|torner|TORNARE||VERB||Fin,Ind,Fut,Act,Trans,1,Plur
tors|tors|tor2|TURRIS||NOUN||Fem,Plur
tos|tos|tot|TOTUS||DET||Ind,Masc,Sing,Nom
tos|tos1|tot|TOTUS||DET||Ind,Masc,Plur,Acc
tos|tos2|tot|TOTUS||DET||Ind,Masc,Sing,Acc
tos|tos4|tot|TOTUS||PRON||Ind,Masc,Plur,Nom
tos|tos7|tot|TOTUS||DET||Ind,Masc,Plur,Nom
tos|tos8|tot|TOTUS||DET||Ind,Fem,Plur
tost|tost|tost|TOSTUS||ADV||
tot|tot|tot|TOTUS||DET||Ind,Masc,Sing,Nom
tot|tot1|tot|TOTUS||DET||Ind,Masc,Plur,Acc
tot|tot2|tot|TOTUS||DET||Ind,Fem,Plur
tot|tot3|tot|TOTUS||DET||Ind,Masc,Sing,Acc
tot|tot4|tot|TOTUS||ADV||
tot|tot6|tot|TOTUS||PRON||Ind,Masc,Plur,Nom
tot|tot7|tot|TOTUS||DET||Ind,Fem,Sing
tot|tot8|tot|TOTUS||PRON||Ind,Neut,Sing,Acc
tot_ce|tot_ce|tot|TOTUS||PRON|Pron|Ind,Neut,Sing,Nom,MWEs
tot_ce|tot_ce1|tot|TOTUS||DET|Pron|Ind,Neut,Sing,Acc,MWEs
tot_ce_qi|tot_ce_qi||||||
tot_droit|tot_droit||||||
tot_maintenant|tot_maintenant|maintenant|MANU TENERE||ADV|Adv|Tim,MWEs
tout|tout|tot|TOTUS||DET||Ind,Masc,Sing,Acc
toute|toute|tot|TOTUS||DET||Ind,Fem,Sing
toute_fois|toute_fois|totesfoiz|VICES||ADV||
toutes|toutes|tot|TOTUS||DET||Ind,Fem,Plur
toutes_fois|toutes_fois|totesfoiz|VICES||ADV||
traiterons|traiterons|traitier|TRACTARE||VERB||Fin,Ind,Fut,Act,Trans,1,Plur
trebuche|trebuche|trebuchier|BUK||VERB||Fin,Ind,Pres,Intr,3,Sing
trelaica|trelaica||||||
trepasser|trepasser|trespasser|*PASSARE||VERB||Ind,Inf,Pres,Act,Trans
tres|tres||||||
tresor|tresor|tresor|THESAURUS||NOUN||Masc,Sing,Acc
tresor|tresor1|tresor|THESAURUS||NOUN||Masc,Plur,Acc
trestent|trestent|traire|TRAHERE||VERB||Fin,Ind,Past,Act,Trans,3,Plur
troie|troie|Troie|||PROPN||Fem,Sing
troiens|troiens|troyen|TROJANUS||ADJ|Noun|Masc,Plur,Nom
troiens|troiens1|troyen|TROJANUS||ADJ|Noun|Masc,Plur,Acc
troienz|troienz1|troyen|TROJANUS||ADJ|Noun|Masc,Plur,Acc
troienz|troienz2|troyen|TROJANUS||ADJ|Noun|Masc,Plur,Nom
trois|trois|trois1|TRES||NUM||Ord
trois_miles|trois_miles||||||
trop|trop|trop|THORP||ADV||
trova|trova|trover|*TROPARE||VERB||Fin,Ind,Past,Act,Trans,3,Sing
troveirons|troveirons|trover|*TROPARE||VERB||Fin,Ind,Fut,Act,Trans,1,Plur
troverent|troverent|trover|*TROPARE||VERB||Fin,Ind,Past,Act,Trans,3,Plur
trovons|trovons|trover|*TROPARE||VERB||Fin,Ind,Pres,Act,Trans,1,Plur
tute|tute|tot|TOTUS||DET||Ind,Fem,Sing
un|un|un|UNUS||DET||ArtIndef,Masc,Sing
une|une|un|UNUS||DET||ArtIndef,Fem,Sing
vaillance|vaillance|vailance|VALERE||NOUN||Fem,Sing
vaillans|vaillans|valoir|VALERE||VERB|Adj|Ind,Part,Pres
vaillant|vaillant|valoir|VALERE||VERB|Adj|Ind,Part,Pres
vaincre|vaincre|veintre|VINCERE||VERB||Ind,Inf,Pres,Act,Trans
vaisels|vaisels|vaissel|VASCELLUM||NOUN||Masc,Plur,Acc
vait|vait|tresaler|AMBULARE||VERB||Fin,Ind,Pres,Intr,3,Sing
vallees|vallees|valee|VALLIS||NOUN||Fem,Plur
valor|valor|valor|VALOR||NOUN||Fem,Sing
vaudra|vaudra|valoir|VALERE||VERB||Fin,Ind,Fut,Intr,3,Sing
veirons|veirons|vëoir|VIDERE||VERB||Fin,Ind,Fut,Act,Trans,1,Plur
vengier|vengier|vengier|VINDICARE||VERB||Ind,Inf,Pres,Act,Trans
venir|venir|venir|VENIRE||VERB||Ind,Inf,Pres,Intr
venoient|venoient|venir|VENIRE||VERB||Fin,Ind,Imp,Intr,3,Plur
venoit|venoit|venir|VENIRE||VERB||Fin,Ind,Imp,Intr,3,Sing
venta|venta|venter|VENTUS||VERB||Fin,Ind,Past,Intr,3,Sing
venue|venue|venüe|VENIRE||NOUN||Fem,Sing
venus|venus|venir|VENIRE||VERB|compTens|Ind,Part,Past,Sing,Masc,MWEs
venus|venus1|venir|VENIRE||VERB|compTens|Ind,Part,Past,Plur,Masc,MWEs
veoir|veoir|vëoir|VIDERE||VERB||Ind,Inf,Pres,Act,Trans
veraie|veraie|verai|*VERACUS||ADJ||Fem,Sing
veraiement|veraiement|veraiement|*VERACUS||ADV||Man
vergiés|vergiés|vergier1|VIRIDIARIUM||NOUN||Masc,Plur,Acc
verront|verront|venir|VENIRE||VERB||Fin,Ind,Fut,Rfl,3,Plur
verront|verront1|venir|VENIRE||VERB||Fin,Ind,Fut,Intr,3,Plur
vers|vers|vers2|VERSUS1||ADP||
versiers|versiers|vergier1|VIRIDIARIUM||NOUN||Masc,Plur,Nom
versiers|versiers1|vergier1|VIRIDIARIUM||NOUN||Masc,Plur,Acc
veïsons|veïsons|veintre|VINCERE||VERB||Fin,Sub,Imp,Act,Trans,1,Plur
viande|viande|vïande|VIVENDA||NOUN||Fem,Sing
vienent|vienent|venir|VENIRE||VERB||Fin,Ind,Pres,Intr,3,Plur
vient|vient|venir|VENIRE||VERB||Fin,Ind,Pres,Intr,3,Sing
vigoreusement|vigoreusement|vigorosement|VIGOR||ADV||Man
vii_mile|vii_mile||||||
villain|villain|vilain|VILLANUS||ADJ|Noun|Masc,Sing,Acc
ville|ville|vile|VILLA||NOUN||Fem,Sing
vils|vils|vil1|VILIS||ADJ|Noun|Masc,Plur,Nom
vindrent|vindrent|venir|VENIRE||VERB||Fin,Ind,Past,Intr,3,Plur
vint|vint|venir|VENIRE||VERB||Fin,Ind,Past,Intr,3,Sing
vint|vint1|venir|VENIRE||VERB||Fin,Ind,Past,Rfl,3,Sing
virent|virent|vëoir|VIDERE||VERB||Fin,Ind,Past,Act,Trans,3,Plur
vit|vit1|venir|VENIRE||VERB||Fin,Ind,Past,Intr,3,Sing
vituaille|vituaille|vitaille|VICTUALIA||NOUN||Fem,Sing
voiant|voiant|vëoir|VIDERE||VERB||Ind,Part,Pres,Act,Trans
voie|voie|voie|VIA||NOUN||Fem,Sing
voil|voil|voloir|VELLE||VERB|auxMod|Fin,Ind,Pres,1,Sing
voilles|voilles|voile2|VELUM2||NOUN||Fem,Plur
voleir|voleir|voloir|VELLE||VERB|Noun|Ind,Inf,Pres
voler|voler|voler|VOLARE||VERB||Ind,Inf,Pres,Act,Trans
voloient|voloient1|voloir|VELLE||VERB||Fin,Ind,Imp,Act,Trans,3,Plur
volonté|volonté|volenté|VOLUNTAS||NOUN||Fem,Sing
volontés|volontés|volenté|VOLUNTAS||NOUN||Fem,Plur
vont|vont|tresaler|AMBULARE||VERB||Fin,Ind,Pres,Intr,3,Plur
vos|vos|vos|VOS||PRON||Prs,2,Plur,Acc
vos|vos1|vos|VOS||PRON||Prs,2,Plur,Nom
vost|vost|voloir|VELLE||VERB|auxMod|Fin,Ind,Past,3,Sing
vostre|vostre2|vostre|VESTER||DET||Poss,Fem,Sing
voudié|voudié|vuidier|*VOCITUS||VERB|compPass|Ind,Inf,Past,Sing,Fem,MWEs
voudié|voudié1|vuidier|*VOCITUS||VERB|Adj|Ind,Part,Past,Sing,Fem
voudroit|voudroit|voloir|VELLE||VERB|auxMod|Fin,Cnd,Pres,3,Sing
voudront|voudront|voloir|VELLE||VERB|auxMod|Fin,Ind,Fut,3,Plur
vuodié|vuodié|vuidier|*VOCITUS||VERB|compTens|Ind,Part,Past,Sing,Fem,MWEs
vuoil|vuoil|voloir|VELLE||VERB|auxMod|Fin,Ind,Pres,1,Sing
xv|xv||||||
·ls|·ls||||||
à|à|a3|AD||ADP||
à_selee|à_selee|celee1|CELARE||NOUN|Adv|Fem,Sing
à_sellee|à_sellee|celee1|CELARE||NOUN|Adv|Fem,Sing
