achaterent|achaterent|achater|*ACCAPTARE||VERB||Fin,Ind,Past,Act,Trans,3,Plur
achever|achever|achever|CAPUT||VERB||Ind,Inf,Pres,Act,Trans
achilles|achilles|Achille|||PROPN||Masc,Sing,Nom
acorderent|acorderent|acorder|*ACCORDARE||VERB||Fin,Ind,Past,Rfl,3,Plur
adonc|adonc|adonc|DUNC||ADV||
afer|afer|afaire|FACERE||NOUN||Masc,Sing,Nom
afer|afer1|afaire|FACERE||NOUN||Masc,Sing,Acc
agamenon|agamenon|Agamemnon|||PROPN||Masc,Sing,Nom
agamenon|agamenon1|Agamemnon|||PROPN||Masc,Sing,Acc
ai|ai1|avoir|HABERE||VERB|auxTens|Fin,Ind,Pres,1,Sing,MWEs
aider|aider|aidier|ADJUTARE||VERB||Ind,Inf,Pres,Rfl
aidier|aidier|aidier|ADJUTARE||VERB||Ind,Inf,Pres,Act,Trans
ains|ains|ainz|ANTE||ADV||
ajoustee|ajoustee|ajoster|*JUXTARE||VERB|compTens|Ind,Part,Past,Sing,Fem,MWEs
alast|alast|aler (GDC)|AMBULARE||VERB||Fin,Sub,Imp,Intr,3,Sing
aler|aler|aler (GDC)|AMBULARE||VERB||Ind,Inf,Pres,Intr
alerent|alerent|aler (GDC)|AMBULARE||VERB||Fin,Ind,Past,Intr,3,Plur
amender|amender|amender|EMENDARE||VERB||Ind,Inf,Pres,Act,Trans
amis|amis3|ami|AMICUS||NOUN||Masc,Plur,Acc
amor|amor|amor|AMOR||NOUN||Fem,Sing
aparoil|aparoil1|apareil|*APPARICULARE||NOUN||Masc,Sing,Acc
aparoilla|aparoilla|apareillier1|*APPARICULARE||VERB||Fin,Ind,Past,Rfl,3,Sing
aparoillee|aparoillee1|apareillier1|*APPARICULARE||VERB|compTens|Ind,Part,Past,Sing,Fem,MWEs
aparoillĂŠs|aparoillĂŠs5|apareillier1|*APPARICULARE||VERB|compPass|Ind,Part,Past,Plur,Masc,MWEs
aparoils|aparoils1|apareil|*APPARICULARE||NOUN||Masc,Plur,Acc
apollus|apollus|Pollux|||PROPN||Masc,Sing,Nom
aprĂŠs|aprĂŠs|aprĂ¨s|AD PRESSUM||ADP||
aprĂŠs|aprĂŠs1|aprĂ¨s|AD PRESSUM||ADV||Tim
ariverent|ariverent|ariver|*ARRIPARE||VERB||Fin,Ind,Past,Intr,3,Plur
arivĂŠs|arivĂŠs2|ariver|*ARRIPARE||VERB|compTens|Ind,Part,Past,Sing,Masc,MWEs
armes|armes|arme|ARMA||NOUN||Fem,Plur
as|as|a3|AD||ADP||PrepArt
asembleront|asembleront|assembler|ASSIMULARE||VERB||Fin,Ind,Fut,Act,Trans,3,Plur
asĂŻens|asĂŻens|anciien|ANTE||ADJ|Noun|Masc,Plur,Nom
atendoient|atendoient|atendre|ATTENDERE||VERB||Fin,Ind,Imp,Intr,3,Plur
athenes|athenes|AthĂ¨nes|||PROPN||Fem,Sing
au|au|a3|AD||ADP||PrepArt
aucun|aucun|aucun|ALIQUIS||DET||Ind,Masc,Sing,Nom
aucune|aucune|aucun|ALIQUIS||DET||Ind,Fem,Sing
auqans|auqans|aucant|ALIQUANTUS||ADV||Ind
auquant|auquant|aucant|ALIQUANTUS||ADV||Ind
aurialus|aurialus||||||
aus|aus|haut|ALTUS||ADJ||Masc,Plur,Nom
ausi|ausi|aussi|SIC||ADV||
ausi_com|ausi_com|aussi|SIC||ADV|Adv|MWEs
aute|aute|haut|ALTUS||ADJ||Fem,Sing
autres|autres1|autre|ALTER||DET||Ind,Masc,Plur,Acc
avant|avant|avant|ABANTE||ADV||
avenoit|avenoit|avenir|ADVENIRE||VERB||Fin,Ind,Imp,Intr,3,Sing
avient|avient|avenir|ADVENIRE||VERB||Fin,Ind,Pres,Intr,3,Sing
avoient|avoient1|avoir|HABERE||VERB|auxTens|Fin,Ind,Imp,3,Plur,MWEs
avoir|avoir1|avoir|HABERE||VERB|Noun|Ind,Inf,Pres
avoit|avoit1|avoir|HABERE||VERB||Fin,Ind,Imp,Intr,3,Sing
avoit|avoit2|avoir|HABERE||VERB|auxTens|Fin,Ind,Imp,3,Sing,MWEs
avront|avront1|avoir|HABERE||VERB|auxTens|Fin,Ind,Fut,3,Plur,MWEs
barons|barons2|baron|*BARO||NOUN||Masc,Plur,Nom
besoigne|besoigne|besoigne|*SUNNI||NOUN||Fem,Sing
biaus|biaus|bel|BELLUS||ADJ||Masc,Sing,Nom
bones|bones|bon|BONUS||ADJ||Fem,Plur
buens|buens1|bon|BONUS||ADJ||Masc,Sing,Acc
buens|buens2|bon|BONUS||ADJ||Neut,Sing,Nom
car|car|car|QUARE||SCONJ||
castor|castor|Castor|||PROPN||Masc,Sing,Nom
ce|ce|ce1|HOC||PRON||Dem,Neut,Sing,Nom
ce_qe|ce_qe|ce1|HOC||PRON|SConj |Dem,Neut,Sing,MWEs
ce_qâ|ce_qâ|ce1|HOC||PRON|SConj |Dem,Neut,Sing,MWEs
cels|cels|cel|ILLE||PRON||Dem,Masc,Plur,Nom
ceront|ceront|estre|ESSE||VERB|compPass|Fin,Ind,Fut,3,Plur,MWEs
ces|ces6|ce2|ISTE||PRON||Dem,Masc,Plur,Nom
ceste|ceste|cest|ISTE||PRON||Dem,Fem,Sing
cestui|cestui2|cest|ISTE||DET||Dem,Masc,Sing,Nom
cherement|cherement|chierement|CARUS||ADV||Man
chersoient|chersoient|cerchier|CIRCARE||VERB||Fin,Ind,Imp,Act,Trans,3,Plur
chevaliers|chevaliers|chevalier|CABALLARIUS||NOUN||Masc,Sing,Nom
chevetaine|chevetaine1|chevetaigne|CAPITANEUS||NOUN||Masc,Sing,Acc
chief|chief1|chief1|CAPUT||NOUN||Masc,Sing,Acc
chouses|chouses|chose|CAUSA||NOUN||Fem,Plur
citĂŠ|citĂŠ|citĂŠ|CIVITAS||NOUN||Fem,Sing
com|com|come1|QUOMODO||SCONJ||
come|come|come1|QUOMODO||SCONJ||
comenciee|comenciee2|comencier|COMINITIARE||VERB|compTens|Ind,Part,Past,Sing,Fem,MWEs
comensa|comensa|comencier|COMINITIARE||VERB||Fin,Ind,Past,Intr,3,Sing
coment|coment|coment|QUOMODO||ADV||Int
comunement|comunement|comunement|COMMUNIS||ADV||
conpaignie|conpaignie|compagnie|COMPANIO||NOUN||Fem,Sing
conpaignons|conpaignons2|compagnon|COMPANIO||NOUN||Masc,Sing,Nom
consoil|consoil1|conseil|CONSILIUM||NOUN||Masc,Sing,Acc
consoillerent|consoillerent|conseillier|CONSILIARE||VERB||Fin,Ind,Past,Intr,3,Plur
consoillier|consoillier1|conseillier3|CONSILIARE||VERB||Ind,Inf,Pres,Intr
conter|conter|conter|COMPUTARE||VERB||Ind,Inf,Pres,Act,Trans
conterai|conterai|conter|COMPUTARE||VERB||Fin,Ind,Fut,Act,Trans,1,Sing
contes|contes|conte2|COMPUTUS||NOUN||Masc,Sing,Nom
contraire|contraire|contraire1|CONTRARIUS||ADJ||Fem,Sing
contree|contree|contree|CONTRA||NOUN||Fem,Sing
contĂŠs|contĂŠs|conter|COMPUTARE||VERB|compTens|Ind,Part,Past,Sing,Masc,MWEs
convenables|convenables|convenable|CONVENIRE||ADJ||Neut,Sing,Nom
convenoient|convenoient|covenir|CONVENIRE||VERB||Fin,Ind,Imp,Intr,3,Plur
convenoit|convenoit|covenir|CONVENIRE||VERB||Fin,Ind,Imp,Intr,3,Sing
coros|coros|corroz|*CORRUPTUM||NOUN||Masc,Sing,Acc
corrociez|corrociez3|corrocier|*CORRUPTUM||VERB|compTens|Ind,Part,Past,Plur,Masc,MWEs
corut|corut|corir|CURRERE||VERB||Fin,Ind,Past,Intr,3,Sing
cuiderent|cuiderent|cuidier1|COGITARE||VERB||Fin,Ind,Past,Intr,3,Plur
cuidons|cuidons|cuidier1|COGITARE||VERB||Fin,Ind,Pres,Intr,1,Plur
câ|câ|se|SI||SCONJ||
damaje|damaje1|damage|DAMNUM||NOUN||Masc,Sing,Acc
dame|dame|dame|DOMINA||NOUN||Fem,Sing
de|de|de|DE||ADP||
de_denz|de_denz|dedans|DEINTUS||ADP||
de_rechief|de_rechief|rechief|CAPUT||NOUN|Adv|Masc,Sing
delaiement|delaiement1|delaiement|LAXARE||NOUN||Masc,Sing,Acc
demorance|demorance|demorance|DEMORARI||NOUN||Fem,Sing
demorerent|demorerent|demorer|DEMORARI||VERB||Fin,Ind,Past,Intr,3,Plur
demorĂŠs|demorĂŠs|demorer|DEMORARI||VERB|compTens|Ind,Part,Past,Plur,Masc,MWEs
des|des2|de|DE||ADP||PrepArt
desconfortĂŠs|desconfortĂŠs1|desconforter|CONFORTARE||VERB||Ind,Part,Past,Sing,Masc
desenor|desenor|desonor|HONOS||NOUN||Masc,Sing,Nom
desmesuree|desmesuree|desmesurer|MENSURARE||VERB|Adj|Ind,Part,Past,Sing,Fem
destruire|destruire|destruire|DESTRUERE||VERB||Ind,Inf,Pres,Act,Trans
detrenchĂŠs|detrenchĂŠs|detrenchier|*TRINICARE||VERB|compPass|Ind,Part,Past,Plur,Masc,MWEs
deversitĂŠ|deversitĂŠ|diversetĂŠ|DIVERSUS||NOUN||Fem,Sing
devindrent|devindrent|devenir|DEVENIRE||VERB||Fin,Ind,Past,Intr,3,Plur
deviser|deviser|deviser|*DIVISARE||VERB||Ind,Inf,Pres,Act,Trans
devoient|devoient|devoir|DEBERE||VERB|auxMod|Fin,Ind,Imp,3,Plur
devoit|devoit|devoir|DEBERE||VERB|auxMod|Fin,Ind,Imp,3,Sing
deĂźst|deĂźst|devoir|DEBERE||VERB|auxMod|Fin,Sub,Imp,3,Sing
di|di|dire|DICERE||VERB||Fin,Ind,Pres,Intr,1,Sing
diomedes|diomedes|Dyomedes|||PROPN||Masc,Sing,Nom
disoient|disoient|dire|DICERE||VERB||Fin,Ind,Imp,Intr,3,Plur
dist|dist|dire|DICERE||VERB||Fin,Ind,Past,Intr,3,Sing
distrent|distrent|dire|DICERE||VERB||Fin,Ind,Past,Intr,3,Plur
dit|dit|dire|DICERE||VERB||Fin,Ind,Pres,Intr,3,Sing
doi|doi1|devoir|DEBERE||VERB|auxMod|Fin,Ind,Pres,1,Sing
dou|dou|de|DE||ADP||PrepArt
dou_qels|dou_qels|quel1|QUALIS||PRON||Int,Masc,Plur,Acc
du|du|deus|DUO||NUM||Card
duel|duel1|duel|DOLUS||NOUN||Masc,Sing,Acc
dura|dura|durer|DURARE||VERB||Fin,Ind,Past,Intr,3,Sing
dâ|dâ|de|DE||ADP||
els|els1|il|ILLE||PRON||Prs,3,Masc,Plur,Acc
en|en|en1|IN||ADP||
en|en2|en2|INDE||PRON||
en_la_fin|en_la_fin|fin1|FINIS||NOUN|Adv|Fem,Sing
en_luec|en_luec|iluec|ILLOC||ADV||Loc
en_tel_guise_com|en_tel_guise_com||||||
en_tel_mainiere|en_tel_mainiere|maniere|MANUARIUS||NOUN|Adv|Fem,Sing
enpereor|enpereor|emperĂŤor|IMPERATOR||NOUN||Masc,Sing,Acc
enprise|enprise1|emprendre|*IMPREHENDERE||VERB|compTens|Ind,Part,Past,Sing,Fem,MWEs
ensenble|ensenble|ensemble|INSIMUL||ADV||
ensenbles|ensenbles|ensemble|INSIMUL||ADV||
ensi|ensi|ainsi|SIC||ADV||
ensi_com|ensi_com|ainsi|SIC||ADV|Adv|MWEs
entendoient|entendoient|entendre|INTENDERE||VERB||Fin,Ind,Imp,Intr,3,Plur
entendos|entendos|entendre|INTENDERE||VERB||Fin,Imp,Pres,Intr,1,Plur
entremetoient|entremetoient|entremetre|MITTERE||VERB||Fin,Ind,Imp,Rfl,3,Plur
entretant|entretant|tant|TANTUS||ADV||Tim
entrâ|entrâ|entre2|INTER||ADP||
envoĂŻrent|envoĂŻrent|envoiier|INVIARE||VERB||Fin,Ind,Past,Act,Trans,3,Plur
es|es5|il|ILLE||PRON||Prs,3,Masc,Plur,Acc
esfors|esfors|esforz2|*FORTIARE||NOUN||Masc,Sing,Acc
esleĂźrent|esleĂźrent|eslire|ELIGERE||VERB||Fin,Ind,Past,Act,Trans,3,Plur
esploterent|esploterent|esploitier|EXPLICITUM||VERB||Fin,Ind,Past,Act,Trans,3,Plur
est|est1|estre1|ESSE||VERB|auxCop|Fin,Ind,Pres,3,Sing
establi|establi1|establir|STABILIRE||VERB|compTens|Ind,Part,Past,Sing,Masc,MWEs
establirent|establirent|establir|STABILIRE||VERB||Fin,Ind,Past,Act,Trans,3,Plur
ester|ester1|estre1|ESSE||VERB||Ind,Inf,Pres,Intr
estoient|estoient|estre1|ESSE||VERB|auxCop|Fin,Ind,Imp,3,Plur
estoient|estoient1|estre1|ESSE||VERB||Fin,Ind,Imp,Intr,3,Plur
estoient|estoient3|estre1|ESSE||VERB|auxPass|Fin,Ind,Imp,3,Plur,MWEs
estoit|estoit|estre1|ESSE||VERB||Fin,Ind,Imp,Intr,3,Sing
estoit|estoit1|estre1|ESSE||VERB|auxCop|Fin,Ind,Imp,3,Sing
estoit|estoit2|estre1|ESSE||VERB|auxPass|Fin,Ind,Imp,3,Sing,MWEs
estre|estre|estre1|ESSE||VERB|auxPass|Ind,Inf,Pres,MWEs
et|et|et|ET||CCONJ||
facois|facois|faire|FACERE||VERB||Fin,Sub,Pres,Act,Trans,2,Plur
faire|faire|faire|FACERE||VERB||Ind,Inf,Pres,Act,Trans
feirons|feirons|faire|FACERE||VERB||Fin,Ind,Fut,Act,Trans,1,Plur
feisons|feisons1|faire|FACERE||VERB||Fin,Imp,Pres,Intr,1,Plur
feme|feme|feme|FEMINA||NOUN||Fem,Sing
fer|fer|faire|FACERE||VERB||Ind,Inf,Pres,Act,Intr
fer|fer1|faire|FACERE||VERB||Ind,Inf,Pres,Act,Trans
ferons|ferons|faire|FACERE||VERB||Fin,Ind,Fut,Act,Trans,1,Plur
ferĂŠs|ferĂŠs|faire|FACERE||VERB||Fin,Ind,Fut,Act,Trans,2,Plur
fet|fet3|faire|FACERE||VERB|compTens|Ind,Part,Past,Sing,Fem,MWEs
fet|fet8|faire|FACERE||VERB|compPass|Ind,Part,Past,Sing,Masc,MWEs
fetes|fetes|faire|FACERE||VERB||Fin,Ind,Pres,Act,Trans,2,Plur
firent|firent|faire|FACERE||VERB||Fin,Ind,Past,Act,Trans,3,Plur
firent|firent1|faire|FACERE||VERB|auxMod|Fin,Ind,Past,3,Plur
fist|fist2|faire|FACERE||VERB||Fin,Ind,Past,Act,Trans,3,Sing
foi|foi|foi|FIDES||NOUN||Fem,Sing
force|force|force2|FORTIA||NOUN||Fem,Sing
forches|forches|forche|FURCA||NOUN||Fem,Plur
fort|fort|fort|FORTIS||ADV||
frere|frere|frere|FRATER||NOUN||Masc,Sing,Nom
frere|frere1|frere|FRATER||NOUN||Masc,Sing,Acc
freres|freres|frere|FRATER||NOUN||Masc,Plur,Nom
fu|fu|estre1|ESSE||VERB|auxCop|Fin,Ind,Past,3,Sing
fu|fu2|estre1|ESSE||VERB|auxTens|Fin,Ind,Past,3,Sing,MWEs
fu|fu3|estre1|ESSE||VERB||Fin,Ind,Past,Intr,3,Sing
furent|furent|estre1|ESSE||VERB||Fin,Ind,Past,Intr,3,Plur
furent|furent1|estre1|ESSE||VERB|auxTens|Fin,Ind,Past,3,Plur,MWEs
furent|furent4|estre1|ESSE||VERB|auxCop|Fin,Ind,Past,3,Plur
fussent|fussent2|estre1|ESSE||VERB|auxTens|Fin,Sub,Imp,3,Plur,MWEs
fust|fust1|estre1|ESSE||VERB||Fin,Ind,Past,Intr,3,Sing
gastee|gastee|gaster|VASTARE||VERB|compPass|Ind,Part,Past,Sing,Fem,MWEs
gaster|gaster|gaster|VASTARE||VERB||Ind,Inf,Pres,Act,Trans
gent|gent1|gent1|GENS||NOUN||Fem,Sing
genz|genz|gent1|GENS||NOUN||Fem,Plur
genz|genz1|gent1|GENS||NOUN||Fem,Sing
grant|grant1|grant|GRANDIS||ADJ||Masc,Sing,Acc
grant|grant4|grant|GRANDIS||ADJ||Fem,Sing
grese|grese|GrĂ¨ce|||PROPN||Fem,Sing
guerre|guerre|guerre|*WERRA||NOUN||Fem,Sing
hardiement|hardiement|hardement1|*HARDJAN||ADV||Man
heleine|heleine|HĂŠlĂ¨ne|||PROPN||Fem,Sing
henemis|henemis|enemi|INIMICUS||NOUN||Masc,Plur,Acc
henor|henor|onor|HONOS||NOUN||Masc,Sing,Acc
ho|ho|avuec|AB HOC||ADP||
hocirons|hocirons|ocire|OCCIDERE||VERB||Fin,Ind,Fut,Act,Trans,3,Plur
homes|homes|ome|HOMO||NOUN||Masc,Plur,Nom
hont|hont|avoir|HABERE||VERB|auxTens|Fin,Ind,Pres,3,Plur,MWEs
honte|honte|honte|*HAUNIĂžA||NOUN||Fem,Sing
hor|hor|or4|HORA||ADV||Tim
hore|hore1|ore3|HORA||NOUN||Fem,Sing
horent|horent1|avoir|HABERE||VERB|auxTens|Fin,Ind,Past,3,Plur,MWEs
hot|hot|avoir|HABERE||VERB|auxTens|Fin,Ind,Past,3,Sing,MWEs
hovre|hovre|uevre|OPERA||NOUN||Fem,Sing
hoĂŻe|hoĂŻe|Ăśir|AUDIRE||VERB|compTens|Ind,Part,Past,Sing,Fem,MWEs
i|i|i2|HIC||PRON||
il|il|il|ILLE||PRON||Prs,3,Masc,Sing,Nom
il|il1|il|ILLE||PRON||Prs,3,Masc,Plur,Nom
il|il2|il|ILLE||PRON||Prs,3,Neut,Sing,Nom
iluec|iluec|iluec|ILLOC||ADV||Loc
irons|irons|aler (GDC)|AMBULARE||VERB||Fin,Ind,Fut,Intr,1,Plur
iront|iront|aler (GDC)|AMBULARE||VERB||Fin,Ind,Fut,Intr,3,Plur
ja|ja|ja|JAM||ADV||
jamĂŠs|jamĂŠs|ja|JAM||ADV||Tim
je|je|je|EGO||PRON||Prs,1,Sing,Nom
joiant|joiant|joir|GAUDERE||VERB|Adj|Ind,Part,Pres
joie|joie|joie|GAUDIUM||NOUN||Fem,Sing
jors|jors|jor|DIURNUM||NOUN||Masc,Plur,Acc
jusque|jusque|jusque|USQUE||ADP||
l_en|l_en|on|HOMO||PRON||Prs,3,Sing,Nom
la|la|le|ILLE||DET||ArtDef,Fem,Sing
lairons|lairons|larron|LATRO||NOUN||Masc,Plur,Acc
laison|laison|laissier|LAXARE||VERB|auxMod|Fin,Imp,Pres,1,Plur
le|le|le|ILLE||DET||ArtDef,Masc,Sing
le|le1|le|ILLE||DET||ArtDef,Masc,Plur
le|le4|le|ILLE||PRON||Prs,3,Masc,Sing,Acc
les|les|le|ILLE||DET||ArtDef,Masc,Plur
les|les1|le|ILLE||DET||ArtDef,Fem,Plur
les|les4|le|ILLE||PRON||Prs,3,Masc,Plur,Acc
les|les5|le|ILLE||PRON||Prs,3,Fem,Plur,Acc
letre|letre1|letre|LITTERA||NOUN||Fem,Plur
letres|letres|letre|LITTERA||NOUN||Fem,Plur
lettres|lettres|letre|LITTERA||NOUN||Fem,Plur
lex|lex|le|ILLE||DET||ArtDef,Fem,Plur
li|li|le|ILLE||DET||ArtDef,Masc,Sing
li|li1|le|ILLE||DET||ArtDef,Masc,Plur
li|li2|li|ILLE||PRON||Prs,3,Masc,Sing,Acc
lor|lor1|lor3|ILLE||DET||Poss,Masc,Sing,Acc
lor|lor2|lor3|ILLE||DET||Poss,Fem,Sing
lor|lor3|lors|HORA||ADV||
lor|lor4|lor2|ILLE||PRON||Prs,3,Plur,Acc
lor|lor5|lor3|ILLE||DET||Poss,Fem,Plur
lor|lor6|lor3|ILLE||DET||Poss,Masc,Plur,Acc
lui|lui|lui|ILLE||PRON||Prs,3,Sing,Acc
lĂ _oĂš|lĂ _oĂš|lĂ |ILLAC||ADV|Adv|Loc,MWEs
lâ|lâ|le|ILLE||DET||ArtDef,Masc,Sing
lâ|lâ1|le|ILLE||DET||ArtDef,Fem,Sing
male|male|mal1|MALUS||ADJ||Fem,Sing
mandons|mandons|mander|MANDARE||VERB||Fin,Imp,Pres,Act,Trans,1,Plur
mandĂŠ|mandĂŠ|mander|MANDARE||VERB|compTens|Ind,Part,Past,Sing,Masc,MWEs
menelaux|menelaux|MĂŠnĂŠlas|||PROPN||Masc,Sing,Nom
menelax|menelax|MĂŠnĂŠlas|||PROPN||Masc,Sing,Acc
menelax|menelax1|MĂŠnĂŠlas|||PROPN||Masc,Sing,Nom
mer|mer|mer|MARE||NOUN||Fem,Sing
mes|mes|mais1|MAGIS2||CCONJ||
mie|mie|mie1|MICA||ADV||Neg
mis|mis3|metre2|MITTERE||VERB|compPass|Ind,Part,Past,Sing,Masc,MWEs
mistrent|mistrent|metre2|MITTERE||VERB||Fin,Ind,Past,Rfl,3,Plur
morir|morir|morir|MORI||VERB||Ind,Inf,Pres,Intr
mors|mors2|morir|MORI||VERB|compPass|Ind,Part,Past,Plur,Masc,MWEs
mort|mort4|mort|MORI||VERB|compTens|Ind,Part,Past,Plur,Masc,MWEs
moult|moult|mout|MULTUS||ADV||
mult|mult|mout|MULTUS||ADV||
navie|navie|navie|NAVIGIUM||NOUN||Fem,Sing
ne|ne|ne1|NON||ADV||Neg
ne|ne1|ne2|NEC||CCONJ||
nen|nen|non|NON||ADV||Neg
nes|nes1|nef2|NAVIS||NOUN||Fem,Plur
nestor|nestor|Nestor|||PROPN||Masc,Sing,Acc
nestor|nestor1|Nestor|||PROPN||Masc,Sing,Nom
ni|ni|ne2|NEC||CCONJ||
noiassent|noiassent|noiier1|NECARE||VERB||Fin,Sub,Imp,Intr,3,Plur
noier|noier|noiier1|NECARE||VERB||Ind,Inf,Pres,Intr
nomĂŠs|nomĂŠs1|nomer|NOMINARE||VERB|compTens|Ind,Part,Past,Plur,Masc,MWEs
nons|nons|nom|NOMEN||NOUN||Masc,Plur,Acc
nos|nos|nos|NOS||PRON||Prs,1,Plur,Nom
nos|nos1|nos|NOS||PRON||Prs,1,Plur,Acc
nos|nos2|nostre|NOSTER||DET||Poss,Masc,Plur,Nom
nos|nos3|nos|NOSTER||DET||Poss,Fem,Plur
nostre|nostre|nostre|NOSTER||DET||Poss,Fem,Sing
nostre|nostre5|nostre|NOSTER||DET||Poss,Fem,Plur
nostres|nostres|nostre|NOSTER||DET||Poss,Masc,Plur,Acc
novelle|novelle|novele|NOVELLUS||NOUN||Fem,Sing
nulle|nulle|nul|NULLUS||DET||Ind,Fem,Sing
nulle|nulle2|nul|NULLUS||DET||Ind,Masc,Sing,Acc
nuls|nuls3|nul|NULLUS||PRON||Ind,Sing,Nom
ont|ont1|avoir|HABERE||VERB|auxTens|Fin,Ind,Pres,3,Plur,MWEs
or|or|or4|HORA||ADV||Tim
ordener|ordener|ordener|ORDINARE||VERB||Ind,Inf,Pres,Intr
ot|ot1|avoir|HABERE||VERB|auxTens|Fin,Ind,Past,3,Sing,MWEs
ot|ot2|avoir|HABERE||VERB||Fin,Ind,Past,Intr,3,Sing
ou|ou|o3|AUT||CCONJ||
ovre|ovre|uevre|OPERA||NOUN||Fem,Sing
par|par|par|PER||ADP||
parche|parche|Parche|||PROPN||Fem,Sing
parches|parches|Parche|||PROPN||Fem,Sing
parcle|parcle|Parche|||PROPN||Fem,Sing
parcles|parcles|Parche|||PROPN||Fem,Sing
pardue|pardue1|perdre|PERDERE||VERB|compTens|Ind,Part,Past,Sing,Fem,MWEs
parfin|parfin||||||
paris|paris|Paris|||PROPN||Masc,Sing,Acc
paris|paris1|Paris|||PROPN||Masc,Sing,Nom
partis|partis|partir|PARTIRE||VERB|compTens|Ind,Part,Past,Plur,Masc,MWEs
pas|pas|pas|PASSUS1||PART||Neg
patreculus|patreculus|Patrocle|||PROPN||Masc,Sing,Nom
paĂŻs|paĂŻs|pĂ¤is|PAGENSIS||NOUN||Masc,Sing,Acc
pendre|pendre|pendre|PENDERE||VERB||Ind,Inf,Pres,Act,Trans
peĂźssent|peĂźssent|pĂśoir|POSSE||VERB|auxMod|Fin,Sub,Imp,3,Plur
peĂźst|peĂźst|pĂśoir|POSSE||VERB|auxMod|Fin,Sub,Imp,3,Sing
plus|plus|plus|PLUS||ADV||
plus|plus1|plus|PLUS||ADV||Tim
plusors|plusors1|plusor|PLURIORES||DET||Ind,Fem,Plur
por|por|por2|PRO||ADP||
por_ce|por_ce||||||
por_ce_qâ|por_ce_qâ|por2|PRO||ADP|SConj |MWEs
port|port|port|PORTUS||NOUN||Masc,Sing,Acc
portĂŠs|portĂŠs|porter|PORTARE||VERB||Ind,Part,Past,Plur,Masc
porveance|porveance|porvĂŤance|PROVIDERE||NOUN||Fem,Sing
porveant|porveant|porvĂŤoir|PROVIDERE||VERB|Adj|Ind,Part,Pres
premierement|premierement|premierement|PRIMARIUS||ADV||
prendons|prendons|prendre|PREHENDERE||VERB||Fin,Ind,Fut,Act,Trans,1,Plur
prendre|prendre|prendre|PREHENDERE||VERB||Ind,Inf,Pres,Act,Trans
prendrons|prendrons|prendre|PREHENDERE||VERB||Fin,Ind,Fut,Act,Trans,1,Plur
pri|pri|priier|PRECARI||VERB||Fin,Ind,Pres,Act,Trans,1,Sing
pria|pria|priier|PRECARI||VERB||Fin,Ind,Past,Act,Trans,3,Sing
princes|princes|prince|PRINCEPS||NOUN||Masc,Plur,Acc
pris|pris2|prendre|PREHENDERE||VERB|compPass|Ind,Part,Past,Sing,Masc,MWEs
pris|pris6|prendre|PREHENDERE||VERB|compPass|Ind,Part,Past,Plur,Masc,MWEs
prise|prise|prendre|PREHENDERE||VERB|compPass|Ind,Part,Past,Sing,Fem,MWEs
pristrent|pristrent|prendre|PREHENDERE||VERB||Fin,Ind,Past,Act,Trans,3,Plur
proiere|proiere|priiere|PRECARIA||NOUN||Fem,Sing
puis|puis|puis|POSTEA||ADV||Tim
qant|qant|cant1|QUANDO||SCONJ||
qe|qe|queque|QUID||PRON||Rel,Nom
qe|qe1|queque|QUID||PRON||Rel,Acc
qe|qe2|queque|QUID||DET||Int
qe|qe3|queque|QUID||SCONJ||
qerre|qerre|querre|QUAERERE||VERB||Ind,Inf,Pres,Act,Trans
qi|qi|qui|QUI||PRON||Rel,Nom
qoi|qoi|coi2|QUID||PRON||Rel,Acc
quant|quant|cant1|QUANDO||SCONJ||
que|que1|queque|QUID||PRON||Rel,Acc
quel|quel1|quel1|QUALIS||DET||Int,Masc,Sing,Acc
quâ|quâ1|queque|QUID||SCONJ||
qâ|qâ|queque|QUID||PRON||Rel,Acc
qâ|qâ1|queque|QUID||SCONJ||
qâ|qâ3|queque|QUID||ADV||Int
recoillirent|recoillirent1|recoillir|COLLIGERE||VERB||Fin,Ind,Past,Act,Trans,3,Plur
reconforter|reconforter|reconforter|CONFORTARE||VERB||Ind,Inf,Pres,Act,Trans
remandra|remandra|remaindre|REMANERE||VERB||Fin,Ind,Past,Intr,3,Sing
remansist|remansist|remaindre|REMANERE||VERB||Fin,Ind,Past,Intr,3,Sing
reqeroit|reqeroit1|requerre|REQUIRERE||VERB||Fin,Ind,Imp,Intr,3,Sing
reqerre|reqerre|requerre|REQUIRERE||VERB||Ind,Inf,Pres,Act,Trans
reqeste|reqeste|requeste|REQUIRERE||NOUN||Fem,Sing
reqier|reqier|requerre|REQUIRERE||VERB||Fin,Ind,Pres,Act,Trans,1,Sing
riches|riches2|riche|RĂŽKI||ADJ||Masc,Plur,Acc
rienz|rienz|rien|RES||PRON||Ind,Neut,Sing,Acc
robee|robee|rober|*RAUBĂ´N||VERB|compPass|Ind,Part,Past,Sing,Fem,MWEs
roi|roi|roi|REX||NOUN||Masc,Sing,Nom
rois|rois1|roi|REX||NOUN||Masc,Plur,Nom
rois|rois2|roi|REX||NOUN||Masc,Plur,Acc
roubee|roubee|rober|*RAUBĂ´N||VERB|compTens|Ind,Part,Past,Sing,Fem,MWEs
roubĂŠ|roubĂŠ|rober|*RAUBĂ´N||VERB||Ind,Part,Past,Plur,Masc
sa|sa|suen|SUUS||DET||Poss,Fem,Sing
sachĂŠs|sachĂŠs|savoir|SAPERE||VERB||Fin,Sub,Pres,Act,Trans,2,Plur
sai|sai|savoir|SAPERE||VERB||Fin,Ind,Pres,Act,Trans,1,Sing
saje|saje|sage|SAPIDUS||ADJ||Masc,Sing,Nom
sans|sans|sans|SINE||ADP||
sanz|sanz|sans|SINE||ADP||
se|se|soi|SE||PRON||Prs,3,Sing,Acc
se|se1|soi|SE||PRON||Prs,3,Plur,Acc
se_qe|se_qe|ce1|HOC||PRON|Pron|Dem,Neut,Sing,Acc,MWEs
semondre|semondre|semondre|SUBMONERE||VERB||Ind,Inf,Pres,Act,Trans
semons|semons||||||
senblant|senblant|semblant|SIMILARE||NOUN||Masc,Sing,Acc
ser|ser||||||
sera|sera|estre1|ESSE||VERB||Fin,Ind,Fut,Intr,3,Sing
serons|serons|estre1|ESSE||VERB|auxPass|Fin,Ind,Fut,1,Plur,MWEs
ses|ses|suen|SUUS||DET||Poss,Masc,Plur,Nom
ses|ses4|ce|HOC||DET||Dem,Masc,Plur,Acc
si|si|si|SIC||ADV||
si_qe|si_qe||||||
siglerent|siglerent|sigler|CINGLER2||VERB||Fin,Ind,Past,Intr,3,Plur
simple|simple|simple|SIMPLEX||ADJ||Fem,Sing
sire|sire|seignor|SENIOR||NOUN||Masc,Sing,Nom
soit|soit2|estre1|ESSE||VERB|auxPass|Fin,Sub,Pres,3,Sing,MWEs
son|son1|suen|SUUS||DET||Poss,Masc,Sing,Acc
sons|sons1|suen|SUUS||DET||Poss,Masc,Sing,Nom
sor|sor|sor2|SUPER||ADP||
sot|sot1|savoir|SAPERE||VERB||Fin,Ind,Past,Intr,3,Sing
soufrist|soufrist|sofrir|SUFFERRE||VERB||Fin,Ind,Past,Intr,3,Sing
sus|sus|sus|SURSUM||ADV||Loc
sâ|sâ|soi|SE||PRON||Prs,3,Sing,Acc
sâ|sâ1|soi|SE||PRON||Prs,3,Plur,Acc
tant|tant|tant|TANTUS||ADV||
tel|tel6|tel|TALIS||DET||Ind,Fem,Sing
tenpestant|tenpestant|tempester|*TEMPESTA||VERB||Ind,Part,Pres
tenpeste|tenpeste|tempeste|*TEMPESTA||NOUN||Fem,Sing
tenples|tenples1|temple3|TEMPLUM||NOUN||Masc,Plur,Nom
tens|tens|tens|TEMPS1||NOUN||Masc,Sing,Nom
terre|terre|terre|TERRA||NOUN||Fem,Sing
tollue|tollue1|tolir|TOLLERE||VERB|compPass|Ind,Part,Past,Sing,Fem,MWEs
tormente|tormente|tormente|TORMENTUM||NOUN||Fem,Sing
tos|tos1|tot|TOTUS||DET||Ind,Masc,Plur,Acc
tos|tos4|tot|TOTUS||PRON||Ind,Masc,Plur,Nom
tos|tos7|tot|TOTUS||DET||Ind,Masc,Plur,Nom
tos|tos8|tot|TOTUS||DET||Ind,Fem,Plur
tot|tot3|tot|TOTUS||DET||Ind,Masc,Sing,Acc
tot_maintenant|tot_maintenant|maintenant|MANU TENERE||ADV|Adv|Tim,MWEs
tot_maintenant_qâ|tot_maintenant_qâ|maintenant|MANU TENERE||ADV|SConj |Tim,MWEs
toute|toute|tot|TOTUS||DET||Ind,Fem,Sing
traitres|traitres|trĂ¤itor|TRADITOR||NOUN||Masc,Plur,Acc
tresor|tresor|tresor|THESAURUS||NOUN||Masc,Sing,Acc
troie|troie|Troie|||PROPN||Fem,Sing
trois|trois|trois1|TRES||NUM||Ord
trova|trova|trover|*TROPARE||VERB||Fin,Ind,Past,Act,Trans,3,Sing
trĂŠs_grant|trĂŠs_grant||||||
une|une|un|UNUS||DET||ArtIndef,Fem,Sing
vaillant|vaillant|valoir|VALERE||VERB|Adj|Ind,Part,Pres
valor|valor|valor|VALOR||NOUN||Fem,Sing
vengiance|vengiance|venjance|VINDICARE||NOUN||Fem,Sing
vengier|vengier|vengier|VINDICARE||VERB||Ind,Inf,Pres,Act,Trans
venus|venus|venir|VENIRE||VERB|compTens|Ind,Part,Past,Sing,Masc,MWEs
veraiement|veraiement|veraiement|*VERACUS||ADV||Man
veront|veront|venir|VENIRE||VERB||Fin,Ind,Fut,Intr,3,Plur
verrĂŠs|verrĂŠs|venir|VENIRE||VERB||Fin,Ind,Fut,Intr,2,Plur
veĂźes|veĂźes1|vĂŤoir|VIDERE||VERB|compTens|Ind,Part,Past,Plur,Fem,MWEs
viegnent|viegnent|venir|VENIRE||VERB|auxMod|Fin,Sub,Pres,3,Plur
vif|vif|vif|VIVUS||ADJ||Masc,Sing,Nom
vindrent|vindrent|venir|VENIRE||VERB||Fin,Ind,Past,Intr,3,Plur
vint|vint|venir|VENIRE||VERB||Fin,Ind,Past,Intr,3,Sing
vit|vit|vĂŤoir|VIDERE||VERB||Fin,Ind,Past,Act,Trans,3,Sing
voirement|voirement|voirement|VERUS||ADV||Man
volentier|volentier|volentiers|VOLUNTARIUS||ADV||Man
volentiers|volentiers|volentiers|VOLUNTARIUS||ADV||Man
voloient|voloient2|voloir|VELLE||VERB||Fin,Ind,Imp,Intr,3,Plur
volontĂŠs|volontĂŠs|volentĂŠ|VOLUNTAS||NOUN||Fem,Plur
vont|vont|tresaler|AMBULARE||VERB||Fin,Ind,Pres,Intr,3,Plur
vos|vos|vos|VOS||PRON||Prs,2,Plur,Acc
vos|vos1|vos|VOS||PRON||Prs,2,Plur,Nom
vostre|vostre2|vostre|VESTER||DET||Poss,Fem,Sing
voudront|voudront|voloir|VELLE||VERB|auxMod|Fin,Ind,Fut,3,Plur
xx|xx||||||
Ă |Ă |a3|AD||ADP||
